service_snapshot_key,customer_key,olt_key,plan_key,service_state_key,activation_date_key,reported_activation_date_key,snapshot_date_key,monthly_fee,monthly_fee_band,inactive_service_flag,valid_tenure_days,valid_tenure_months,dq_future_activation_flag,dq_missing_activation_flag,dq_invalid_fee_flag,dq_connection_count_flag,dq_unknown_plan_period_flag,data_quality_flag,legacy_prepared_future_activation_flag,activation_date_withheld_flag
SERVICE_000001,CUST_0001,OLT_0001,PLAN_0001,STATE_0001,,,20260912,599.0,medium,0,,,0,1,0,0,1,review,0,1
SERVICE_000002,CUST_0002,OLT_0001,PLAN_0002,STATE_0001,,,20260912,199.0,low,0,,,0,1,0,0,0,valid,0,1
SERVICE_000003,CUST_0003,OLT_0001,PLAN_0003,STATE_0001,,,20260912,0.0,low,0,,,0,1,0,0,0,valid,0,1
SERVICE_000004,CUST_0004,OLT_0001,PLAN_0004,STATE_0001,,,20260912,499.0,medium,0,,,0,1,0,0,0,valid,0,1
SERVICE_000005,CUST_0005,OLT_0001,PLAN_0004,STATE_0001,,,20260912,499.0,medium,0,,,0,1,0,0,0,valid,0,1
SERVICE_000006,CUST_0006,OLT_0001,PLAN_0005,STATE_0002,,,20260912,599.0,medium,0,,,0,1,0,0,0,valid,0,1
SERVICE_000007,CUST_0007,OLT_0002,PLAN_0004,STATE_0001,,,20260912,499.0,medium,0,,,0,1,0,0,0,valid,0,1
SERVICE_000008,CUST_0008,OLT_0002,PLAN_0004,STATE_0001,,,20260912,499.0,medium,0,,,0,1,0,0,0,valid,0,1
SERVICE_000009,CUST_0009,OLT_0002,PLAN_0005,STATE_0001,,,20260912,599.0,medium,0,,,0,1,0,0,0,valid,0,1
SERVICE_000010,CUST_0010,OLT_0003,PLAN_0004,STATE_0002,,,20260912,499.0,medium,0,,,0,1,0,0,0,valid,0,1
SERVICE_000011,CUST_0011,OLT_0004,PLAN_0005,STATE_0001,,,20260912,599.0,medium,0,,,0,1,0,0,0,valid,0,1
SERVICE_000012,CUST_0012,OLT_0001,PLAN_0005,STATE_0001,,,20260912,599.0,medium,0,,,0,1,0,0,0,valid,0,1
SERVICE_000013,CUST_0013,OLT_0002,PLAN_0005,STATE_0001,,,20260912,599.0,medium,0,,,0,1,0,0,0,valid,0,1
SERVICE_000014,CUST_0014,OLT_0005,PLAN_0006,STATE_0001,,,20260912,849.0,high,0,,,0,1,0,0,0,valid,0,1
SERVICE_000015,CUST_0015,OLT_0001,PLAN_0004,STATE_0001,,,20260912,499.0,medium,0,,,0,1,0,0,0,valid,0,1
SERVICE_000016,CUST_0016,OLT_0001,PLAN_0007,STATE_0001,,,20260912,299.0,low,0,,,0,1,0,0,0,valid,0,1
SERVICE_000017,CUST_0017,OLT_0003,PLAN_0004,STATE_0001,,,20260912,499.0,medium,0,,,0,1,0,0,0,valid,0,1
SERVICE_000018,CUST_0018,OLT_0001,PLAN_0004,STATE_0001,,,20260912,499.0,medium,0,,,0,1,0,0,0,valid,0,1
SERVICE_000019,CUST_0019,OLT_0002,PLAN_0005,STATE_0001,,,20260912,599.0,medium,0,,,0,1,0,0,0,valid,0,1
SERVICE_000020,CUST_0020,OLT_0006,PLAN_0005,STATE_0001,,,20260912,599.0,medium,0,,,0,1,0,0,0,valid,0,1
SERVICE_000021,CUST_0021,OLT_0002,PLAN_0005,STATE_0001,,,20260912,599.0,medium,0,,,0,1,0,0,0,valid,0,1
SERVICE_000022,CUST_0022,OLT_0001,PLAN_0008,STATE_0001,,,20260912,449.0,medium,0,,,0,1,0,0,0,valid,0,1
SERVICE_000023,CUST_0023,OLT_0002,PLAN_0005,STATE_0001,,,20260912,599.0,medium,0,,,0,1,0,0,0,valid,0,1
SERVICE_000024,CUST_0024,OLT_0001,PLAN_0007,STATE_0001,,,20260912,299.0,low,0,,,0,1,0,0,0,valid,0,1
SERVICE_000025,CUST_0025,OLT_0001,PLAN_0003,STATE_0001,,,20260912,0.0,low,0,,,0,1,0,0,0,valid,0,1
SERVICE_000026,CUST_0026,OLT_0005,PLAN_0004,STATE_0001,,,20260912,499.0,medium,0,,,0,1,0,0,0,valid,0,1
SERVICE_000027,CUST_0027,OLT_0007,PLAN_0004,STATE_0001,,,20260912,499.0,medium,0,,,0,1,0,0,0,valid,0,1
SERVICE_000028,CUST_0028,OLT_0007,PLAN_0006,STATE_0001,,,20260912,849.0,high,0,,,0,1,0,0,0,valid,0,1
SERVICE_000029,CUST_0029,OLT_0007,PLAN_0009,STATE_0001,,,20260912,999.0,high,0,,,0,1,0,0,0,valid,0,1
SERVICE_000030,CUST_0030,OLT_0006,PLAN_0008,STATE_0001,,,20260912,449.0,medium,0,,,0,1,0,0,0,valid,0,1
SERVICE_000031,CUST_0031,OLT_0006,PLAN_0004,STATE_0001,,,20260912,499.0,medium,0,,,0,1,0,0,0,valid,0,1
SERVICE_000032,CUST_0032,OLT_0007,PLAN_0005,STATE_0001,,,20260912,599.0,medium,0,,,0,1,0,0,0,valid,0,1
SERVICE_000033,CUST_0033,OLT_0008,PLAN_0007,STATE_0001,,,20260912,299.0,low,0,,,0,1,0,0,0,valid,0,1
SERVICE_000034,CUST_0034,OLT_0003,PLAN_0010,STATE_0001,,,20260912,399.0,low,0,,,0,1,0,0,0,valid,0,1
SERVICE_000035,CUST_0035,OLT_0001,PLAN_0011,STATE_0003,,,20260912,2799.0,high,1,,,0,1,0,0,0,valid,0,1
SERVICE_000036,CUST_0036,OLT_0001,PLAN_0004,STATE_0001,,,20260912,499.0,medium,0,,,0,1,0,0,0,valid,0,1
SERVICE_000037,CUST_0037,OLT_0004,PLAN_0004,STATE_0002,,,20260912,499.0,medium,0,,,0,1,0,0,0,valid,0,1
SERVICE_000038,CUST_0038,OLT_0005,PLAN_0005,STATE_0003,,,20260912,599.0,medium,1,,,0,1,0,0,0,valid,0,1
SERVICE_000039,CUST_0035,OLT_0004,PLAN_0005,STATE_0001,,,20260912,599.0,medium,0,,,0,1,0,0,0,valid,0,1
SERVICE_000040,CUST_0039,OLT_0005,PLAN_0005,STATE_0001,,,20260912,599.0,medium,0,,,0,1,0,0,0,valid,0,1
SERVICE_000041,CUST_0040,OLT_0001,PLAN_0004,STATE_0001,,,20260912,499.0,medium,0,,,0,1,0,0,0,valid,0,1
SERVICE_000042,CUST_0041,OLT_0002,PLAN_0012,STATE_0001,,,20260912,799.0,high,0,,,0,1,0,0,0,valid,0,1
SERVICE_000043,CUST_0042,OLT_0002,PLAN_0004,STATE_0001,,,20260912,499.0,medium,0,,,0,1,0,0,0,valid,0,1
SERVICE_000044,CUST_0043,OLT_0009,PLAN_0012,STATE_0001,,,20260912,799.0,high,0,,,0,1,0,0,0,valid,0,1
SERVICE_000045,CUST_0044,OLT_0002,PLAN_0004,STATE_0001,,,20260912,499.0,medium,0,,,0,1,0,0,0,valid,0,1
SERVICE_000046,CUST_0045,OLT_0002,PLAN_0011,STATE_0001,,,20260912,2799.0,high,0,,,0,1,0,0,0,valid,0,1
SERVICE_000047,CUST_0046,OLT_0001,PLAN_0005,STATE_0001,,,20260912,599.0,medium,0,,,0,1,0,0,0,valid,0,1
SERVICE_000048,CUST_0047,OLT_0001,PLAN_0010,STATE_0001,,,20260912,399.0,low,0,,,0,1,0,0,0,valid,0,1
SERVICE_000049,CUST_0048,OLT_0001,PLAN_0013,STATE_0001,,,20260912,1299.0,high,0,,,0,1,0,0,0,valid,0,1
SERVICE_000050,CUST_0049,OLT_0005,PLAN_0014,STATE_0001,,,20260912,1299.0,high,0,,,0,1,0,0,0,valid,0,1
SERVICE_000051,CUST_0050,OLT_0007,PLAN_0004,STATE_0001,,,20260912,499.0,medium,0,,,0,1,0,0,0,valid,0,1
SERVICE_000052,CUST_0051,OLT_0007,PLAN_0005,STATE_0001,,,20260912,599.0,medium,0,,,0,1,0,0,0,valid,0,1
SERVICE_000053,CUST_0052,OLT_0006,PLAN_0006,STATE_0001,,,20260912,849.0,high,0,,,0,1,0,0,0,valid,0,1
SERVICE_000054,CUST_0053,OLT_0008,PLAN_0002,STATE_0001,,,20260912,199.0,low,0,,,0,1,0,0,0,valid,0,1
SERVICE_000055,CUST_0054,OLT_0007,PLAN_0010,STATE_0001,,,20260912,399.0,low,0,,,0,1,0,0,0,valid,0,1
SERVICE_000056,CUST_0055,OLT_0005,PLAN_0015,STATE_0001,,,20260912,449.0,medium,0,,,0,1,0,0,0,valid,0,1
SERVICE_000057,CUST_0056,OLT_0001,PLAN_0011,STATE_0002,,,20260912,2799.0,high,0,,,0,1,0,0,0,valid,0,1
SERVICE_000058,CUST_0057,OLT_0006,PLAN_0004,STATE_0001,,,20260912,499.0,medium,0,,,0,1,0,0,0,valid,0,1
SERVICE_000059,CUST_0058,OLT_0005,PLAN_0004,STATE_0001,,,20260912,499.0,medium,0,,,0,1,0,0,0,valid,0,1
SERVICE_000060,CUST_0059,OLT_0006,PLAN_0005,STATE_0001,,,20260912,599.0,medium,0,,,0,1,0,0,0,valid,0,1
SERVICE_000061,CUST_0060,OLT_0003,PLAN_0004,STATE_0001,,,20260912,499.0,medium,0,,,0,1,0,0,0,valid,0,1
SERVICE_000062,CUST_0061,OLT_0001,PLAN_0004,STATE_0001,,,20260912,499.0,medium,0,,,0,1,0,0,0,valid,0,1
SERVICE_000063,CUST_0062,OLT_0001,PLAN_0005,STATE_0001,,,20260912,599.0,medium,0,,,0,1,0,0,0,valid,0,1
SERVICE_000064,CUST_0063,OLT_0001,PLAN_0007,STATE_0001,,,20260912,299.0,low,0,,,0,1,0,0,0,valid,0,1
SERVICE_000065,CUST_0064,OLT_0002,PLAN_0016,STATE_0001,,,20260912,599.0,medium,0,,,0,1,0,0,0,valid,0,1
SERVICE_000066,CUST_0065,OLT_0002,PLAN_0005,STATE_0001,,,20260912,599.0,medium,0,,,0,1,0,0,0,valid,0,1
SERVICE_000067,CUST_0066,OLT_0009,PLAN_0007,STATE_0001,,,20260912,299.0,low,0,,,0,1,0,0,0,valid,0,1
SERVICE_000068,CUST_0067,OLT_0006,PLAN_0004,STATE_0001,,,20260912,499.0,medium,0,,,0,1,0,0,0,valid,0,1
SERVICE_000069,CUST_0068,OLT_0002,PLAN_0017,STATE_0001,,,20260912,599.0,medium,0,,,0,1,0,0,0,valid,0,1
SERVICE_000070,CUST_0069,OLT_0002,PLAN_0004,STATE_0001,,,20260912,499.0,medium,0,,,0,1,0,0,0,valid,0,1
SERVICE_000071,CUST_0070,OLT_0004,PLAN_0010,STATE_0001,,,20260912,399.0,low,0,,,0,1,0,0,0,valid,0,1
SERVICE_000072,CUST_0071,OLT_0002,PLAN_0018,STATE_0001,,,20260912,999.0,high,0,,,0,1,0,0,0,valid,0,1
SERVICE_000073,CUST_0072,OLT_0001,PLAN_0005,STATE_0001,,,20260912,599.0,medium,0,,,0,1,0,0,0,valid,0,1
SERVICE_000074,CUST_0073,OLT_0009,PLAN_0019,STATE_0001,,,20260912,849.0,high,0,,,0,1,0,0,0,valid,0,1
SERVICE_000075,CUST_0074,OLT_0001,PLAN_0005,STATE_0001,,,20260912,599.0,medium,0,,,0,1,0,0,0,valid,0,1
SERVICE_000076,CUST_0075,OLT_0009,PLAN_0008,STATE_0001,,,20260912,449.0,medium,0,,,0,1,0,0,0,valid,0,1
SERVICE_000077,CUST_0076,OLT_0006,PLAN_0004,STATE_0002,,,20260912,499.0,medium,0,,,0,1,0,0,0,valid,0,1
SERVICE_000078,CUST_0077,OLT_0006,PLAN_0020,STATE_0001,,,20260912,999.0,high,0,,,0,1,0,0,0,valid,0,1
SERVICE_000079,CUST_0078,OLT_0006,PLAN_0005,STATE_0001,,,20260912,599.0,medium,0,,,0,1,0,0,0,valid,0,1
SERVICE_000080,CUST_0079,OLT_0002,PLAN_0004,STATE_0003,,,20260912,499.0,medium,1,,,0,1,0,0,0,valid,0,1
SERVICE_000081,CUST_0080,OLT_0007,PLAN_0005,STATE_0001,,,20260912,599.0,medium,0,,,0,1,0,0,0,valid,0,1
SERVICE_000082,CUST_0081,OLT_0002,PLAN_0012,STATE_0001,,,20260912,799.0,high,0,,,0,1,0,0,0,valid,0,1
SERVICE_000083,CUST_0082,OLT_0001,PLAN_0004,STATE_0001,,,20260912,499.0,medium,0,,,0,1,0,0,0,valid,0,1
SERVICE_000084,CUST_0083,OLT_0002,PLAN_0004,STATE_0001,,,20260912,499.0,medium,0,,,0,1,0,0,0,valid,0,1
SERVICE_000085,CUST_0084,OLT_0002,PLAN_0020,STATE_0001,,,20260912,999.0,high,0,,,0,1,0,0,0,valid,0,1
SERVICE_000086,CUST_0085,OLT_0002,PLAN_0012,STATE_0001,,,20260912,799.0,high,0,,,0,1,0,0,0,valid,0,1
SERVICE_000087,CUST_0086,OLT_0002,PLAN_0010,STATE_0001,,,20260912,399.0,low,0,,,0,1,0,0,0,valid,0,1
SERVICE_000088,CUST_0087,OLT_0001,PLAN_0004,STATE_0001,,,20260912,499.0,medium,0,,,0,1,0,0,0,valid,0,1
SERVICE_000089,CUST_0088,OLT_0007,PLAN_0004,STATE_0002,,,20260912,499.0,medium,0,,,0,1,0,0,0,valid,0,1
SERVICE_000090,CUST_0089,OLT_0007,PLAN_0013,STATE_0001,,,20260912,1299.0,high,0,,,0,1,0,0,0,valid,0,1
SERVICE_000091,CUST_0090,OLT_0007,PLAN_0007,STATE_0001,,,20260912,299.0,low,0,,,0,1,0,0,0,valid,0,1
SERVICE_000092,CUST_0091,OLT_0001,PLAN_0004,STATE_0001,,,20260912,499.0,medium,0,,,0,1,0,0,0,valid,0,1
SERVICE_000093,CUST_0092,OLT_0002,PLAN_0005,STATE_0001,,,20260912,599.0,medium,0,,,0,1,0,0,0,valid,0,1
SERVICE_000094,CUST_0093,OLT_0007,PLAN_0005,STATE_0001,,,20260912,599.0,medium,0,,,0,1,0,0,0,valid,0,1
SERVICE_000095,CUST_0058,OLT_0001,PLAN_0004,STATE_0001,,,20260912,499.0,medium,0,,,0,1,0,0,0,valid,0,1
SERVICE_000096,CUST_0094,OLT_0002,PLAN_0004,STATE_0001,,,20260912,499.0,medium,0,,,0,1,0,0,0,valid,0,1
SERVICE_000097,CUST_0095,OLT_0005,PLAN_0005,STATE_0001,,,20260912,599.0,medium,0,,,0,1,0,0,0,valid,0,1
SERVICE_000098,CUST_0096,OLT_0005,PLAN_0017,STATE_0001,,,20260912,599.0,medium,0,,,0,1,0,0,0,valid,0,1
SERVICE_000099,CUST_0097,OLT_0009,PLAN_0021,STATE_0001,,,20260912,1499.0,high,0,,,0,1,0,0,0,valid,0,1
SERVICE_000100,CUST_0098,OLT_0003,PLAN_0004,STATE_0002,,,20260912,499.0,medium,0,,,0,1,0,0,0,valid,0,1
SERVICE_000101,CUST_0099,OLT_0002,PLAN_0005,STATE_0001,,,20260912,599.0,medium,0,,,0,1,0,0,0,valid,0,1
SERVICE_000102,CUST_0100,OLT_0004,PLAN_0004,STATE_0003,,,20260912,499.0,medium,1,,,0,1,0,0,0,valid,0,1
SERVICE_000103,CUST_0101,OLT_0002,PLAN_0005,STATE_0001,,,20260912,599.0,medium,0,,,0,1,0,0,0,valid,0,1
SERVICE_000104,CUST_0102,OLT_0006,PLAN_0004,STATE_0001,,,20260912,499.0,medium,0,,,0,1,0,0,0,valid,0,1
SERVICE_000105,CUST_0103,OLT_0001,PLAN_0005,STATE_0001,,,20260912,599.0,medium,0,,,0,1,0,0,0,valid,0,1
SERVICE_000106,CUST_0104,OLT_0009,PLAN_0004,STATE_0001,,,20260912,499.0,medium,0,,,0,1,0,0,0,valid,0,1
SERVICE_000107,CUST_0105,OLT_0004,PLAN_0006,STATE_0001,,,20260912,849.0,high,0,,,0,1,0,0,0,valid,0,1
SERVICE_000108,CUST_0106,OLT_0009,PLAN_0010,STATE_0001,,,20260912,399.0,low,0,,,0,1,0,0,0,valid,0,1
SERVICE_000109,CUST_0107,OLT_0001,PLAN_0022,STATE_0001,,,20260912,599.0,medium,0,,,0,1,0,0,0,valid,0,1
SERVICE_000110,CUST_0108,OLT_0008,PLAN_0023,STATE_0001,,,20260912,599.0,medium,0,,,0,1,0,0,0,valid,0,1
SERVICE_000111,CUST_0109,OLT_0006,PLAN_0005,STATE_0001,,,20260912,599.0,medium,0,,,0,1,0,0,0,valid,0,1
SERVICE_000112,CUST_0110,OLT_0007,PLAN_0004,STATE_0003,,,20260912,499.0,medium,1,,,0,1,0,0,0,valid,0,1
SERVICE_000113,CUST_0111,OLT_0006,PLAN_0004,STATE_0001,,,20260912,499.0,medium,0,,,0,1,0,0,0,valid,0,1
SERVICE_000114,CUST_0112,OLT_0007,PLAN_0004,STATE_0001,,,20260912,499.0,medium,0,,,0,1,0,0,0,valid,0,1
SERVICE_000115,CUST_0113,OLT_0001,PLAN_0024,STATE_0001,,,20260912,599.0,medium,0,,,0,1,0,0,0,valid,0,1
SERVICE_000116,CUST_0114,OLT_0001,PLAN_0024,STATE_0001,,,20260912,599.0,medium,0,,,0,1,0,0,0,valid,0,1
SERVICE_000117,CUST_0115,OLT_0003,PLAN_0015,STATE_0001,,,20260912,449.0,medium,0,,,0,1,0,0,0,valid,0,1
SERVICE_000118,CUST_0116,OLT_0001,PLAN_0005,STATE_0001,,,20260912,599.0,medium,0,,,0,1,0,0,0,valid,0,1
SERVICE_000119,CUST_0117,OLT_0002,PLAN_0004,STATE_0001,,,20260912,499.0,medium,0,,,0,1,0,0,0,valid,0,1
SERVICE_000120,CUST_0118,OLT_0001,PLAN_0007,STATE_0001,,,20260912,299.0,low,0,,,0,1,0,0,0,valid,0,1
SERVICE_000121,CUST_0119,OLT_0006,PLAN_0012,STATE_0001,,,20260912,799.0,high,0,,,0,1,0,0,0,valid,0,1
SERVICE_000122,CUST_0120,OLT_0003,PLAN_0016,STATE_0001,,,20260912,599.0,medium,0,,,0,1,0,0,0,valid,0,1
SERVICE_000123,CUST_0121,OLT_0009,PLAN_0004,STATE_0001,,,20260912,499.0,medium,0,,,0,1,0,0,0,valid,0,1
SERVICE_000124,CUST_0122,OLT_0006,PLAN_0008,STATE_0001,,,20260912,449.0,medium,0,,,0,1,0,0,0,valid,0,1
SERVICE_000125,CUST_0123,OLT_0001,PLAN_0025,STATE_0001,,,20260912,449.0,medium,0,,,0,1,0,0,0,valid,0,1
SERVICE_000126,CUST_0124,OLT_0005,PLAN_0005,STATE_0001,,,20260912,599.0,medium,0,,,0,1,0,0,0,valid,0,1
SERVICE_000127,CUST_0125,OLT_0002,PLAN_0004,STATE_0001,,,20260912,499.0,medium,0,,,0,1,0,0,0,valid,0,1
SERVICE_000128,CUST_0126,OLT_0001,PLAN_0003,STATE_0001,,,20260912,0.0,low,0,,,0,1,0,0,0,valid,0,1
SERVICE_000129,CUST_0127,OLT_0005,PLAN_0004,STATE_0001,,,20260912,499.0,medium,0,,,0,1,0,0,0,valid,0,1
SERVICE_000130,CUST_0128,OLT_0001,PLAN_0010,STATE_0001,,,20260912,399.0,low,0,,,0,1,0,0,0,valid,0,1
SERVICE_000131,CUST_0129,OLT_0005,PLAN_0004,STATE_0001,,,20260912,499.0,medium,0,,,0,1,0,0,0,valid,0,1
SERVICE_000132,CUST_0035,OLT_0005,PLAN_0011,STATE_0003,,,20260912,2799.0,high,1,,,0,1,0,0,0,valid,0,1
SERVICE_000133,CUST_0075,OLT_0005,PLAN_0004,STATE_0001,,,20260912,499.0,medium,0,,,0,1,0,0,0,valid,0,1
SERVICE_000134,CUST_0130,OLT_0005,PLAN_0004,STATE_0001,,,20260912,499.0,medium,0,,,0,1,0,0,0,valid,0,1
SERVICE_000135,CUST_0108,OLT_0010,PLAN_0023,STATE_0001,,,20260912,599.0,medium,0,,,0,1,0,0,0,valid,0,1
SERVICE_000136,CUST_0131,OLT_0010,PLAN_0024,STATE_0001,,,20260912,599.0,medium,0,,,0,1,0,0,0,valid,0,1
SERVICE_000137,CUST_0132,OLT_0002,PLAN_0008,STATE_0002,,,20260912,449.0,medium,0,,,0,1,0,0,0,valid,0,1
SERVICE_000138,CUST_0133,OLT_0009,PLAN_0004,STATE_0001,,,20260912,499.0,medium,0,,,0,1,0,0,0,valid,0,1
SERVICE_000139,CUST_0134,OLT_0002,PLAN_0005,STATE_0002,,,20260912,599.0,medium,0,,,0,1,0,0,0,valid,0,1
SERVICE_000140,CUST_0135,OLT_0005,PLAN_0005,STATE_0001,,,20260912,599.0,medium,0,,,0,1,0,0,0,valid,0,1
SERVICE_000141,CUST_0136,OLT_0001,PLAN_0004,STATE_0001,,,20260912,499.0,medium,0,,,0,1,0,0,0,valid,0,1
SERVICE_000142,CUST_0137,OLT_0001,PLAN_0012,STATE_0001,,,20260912,799.0,high,0,,,0,1,0,0,0,valid,0,1
SERVICE_000143,CUST_0138,OLT_0005,PLAN_0004,STATE_0001,,,20260912,499.0,medium,0,,,0,1,0,0,0,valid,0,1
SERVICE_000144,CUST_0139,OLT_0008,PLAN_0013,STATE_0001,,,20260912,1299.0,high,0,,,0,1,0,0,0,valid,0,1
SERVICE_000145,CUST_0140,OLT_0006,PLAN_0007,STATE_0001,,,20260912,299.0,low,0,,,0,1,0,0,0,valid,0,1
SERVICE_000146,CUST_0034,OLT_0001,PLAN_0010,STATE_0001,,,20260912,399.0,low,0,,,0,1,0,0,0,valid,0,1
SERVICE_000147,CUST_0141,OLT_0001,PLAN_0025,STATE_0001,,,20260912,449.0,medium,0,,,0,1,0,0,0,valid,0,1
SERVICE_000148,CUST_0142,OLT_0006,PLAN_0005,STATE_0001,,,20260912,599.0,medium,0,,,0,1,0,0,0,valid,0,1
SERVICE_000149,CUST_0143,OLT_0006,PLAN_0004,STATE_0001,,,20260912,499.0,medium,0,,,0,1,0,0,0,valid,0,1
SERVICE_000150,CUST_0144,OLT_0002,PLAN_0005,STATE_0001,,,20260912,599.0,medium,0,,,0,1,0,0,0,valid,0,1
SERVICE_000151,CUST_0145,OLT_0001,PLAN_0005,STATE_0001,,,20260912,599.0,medium,0,,,0,1,0,0,0,valid,0,1
SERVICE_000152,CUST_0146,OLT_0001,PLAN_0010,STATE_0001,,,20260912,399.0,low,0,,,0,1,0,0,0,valid,0,1
SERVICE_000153,CUST_0147,OLT_0005,PLAN_0004,STATE_0002,,,20260912,499.0,medium,0,,,0,1,0,0,0,valid,0,1
SERVICE_000154,CUST_0148,OLT_0001,PLAN_0004,STATE_0001,,,20260912,499.0,medium,0,,,0,1,0,0,0,valid,0,1
SERVICE_000155,CUST_0149,OLT_0006,PLAN_0005,STATE_0001,,,20260912,599.0,medium,0,,,0,1,0,0,0,valid,0,1
SERVICE_000156,CUST_0150,OLT_0006,PLAN_0004,STATE_0001,,,20260912,499.0,medium,0,,,0,1,0,0,0,valid,0,1
SERVICE_000157,CUST_0151,OLT_0002,PLAN_0005,STATE_0001,,,20260912,599.0,medium,0,,,0,1,0,0,0,valid,0,1
SERVICE_000158,CUST_0152,OLT_0007,PLAN_0005,STATE_0001,,,20260912,599.0,medium,0,,,0,1,0,0,0,valid,0,1
SERVICE_000159,CUST_0153,OLT_0001,PLAN_0005,STATE_0001,,,20260912,599.0,medium,0,,,0,1,0,0,0,valid,0,1
SERVICE_000160,CUST_0154,OLT_0002,PLAN_0004,STATE_0001,,,20260912,499.0,medium,0,,,0,1,0,0,0,valid,0,1
SERVICE_000161,CUST_0155,OLT_0002,PLAN_0005,STATE_0002,,,20260912,599.0,medium,0,,,0,1,0,0,0,valid,0,1
SERVICE_000162,CUST_0156,OLT_0008,PLAN_0023,STATE_0001,,,20260912,599.0,medium,0,,,0,1,0,0,0,valid,0,1
SERVICE_000163,CUST_0157,OLT_0006,PLAN_0026,STATE_0001,,,20260912,599.0,medium,0,,,0,1,0,0,0,valid,0,1
SERVICE_000164,CUST_0158,OLT_0006,PLAN_0005,STATE_0001,,,20260912,599.0,medium,0,,,0,1,0,0,0,valid,0,1
SERVICE_000165,CUST_0159,OLT_0007,PLAN_0007,STATE_0001,,,20260912,299.0,low,0,,,0,1,0,0,0,valid,0,1
SERVICE_000166,CUST_0160,OLT_0007,PLAN_0024,STATE_0001,,,20260912,599.0,medium,0,,,0,1,0,0,0,valid,0,1
SERVICE_000167,CUST_0161,OLT_0008,PLAN_0024,STATE_0001,,,20260912,599.0,medium,0,,,0,1,0,0,0,valid,0,1
SERVICE_000168,CUST_0058,OLT_0001,PLAN_0004,STATE_0001,,,20260912,499.0,medium,0,,,0,1,0,0,0,valid,0,1
SERVICE_000169,CUST_0162,OLT_0006,PLAN_0012,STATE_0001,,,20260912,799.0,high,0,,,0,1,0,0,0,valid,0,1
SERVICE_000170,CUST_0163,OLT_0001,PLAN_0006,STATE_0001,,,20260912,849.0,high,0,,,0,1,0,0,0,valid,0,1
SERVICE_000171,CUST_0164,OLT_0001,PLAN_0004,STATE_0001,,,20260912,499.0,medium,0,,,0,1,0,0,0,valid,0,1
SERVICE_000172,CUST_0165,OLT_0002,PLAN_0004,STATE_0001,,,20260912,499.0,medium,0,,,0,1,0,0,0,valid,0,1
SERVICE_000173,CUST_0166,OLT_0002,PLAN_0005,STATE_0001,,,20260912,599.0,medium,0,,,0,1,0,0,0,valid,0,1
SERVICE_000174,CUST_0167,OLT_0001,PLAN_0008,STATE_0001,,,20260912,449.0,medium,0,,,0,1,0,0,0,valid,0,1
SERVICE_000175,CUST_0168,OLT_0001,PLAN_0005,STATE_0001,,,20260912,599.0,medium,0,,,0,1,0,0,0,valid,0,1
SERVICE_000176,CUST_0169,OLT_0008,PLAN_0004,STATE_0001,,,20260912,499.0,medium,0,,,0,1,0,0,0,valid,0,1
SERVICE_000177,CUST_0170,OLT_0002,PLAN_0005,STATE_0001,,,20260912,599.0,medium,0,,,0,1,0,0,0,valid,0,1
SERVICE_000178,CUST_0171,OLT_0002,PLAN_0004,STATE_0001,,,20260912,499.0,medium,0,,,0,1,0,0,0,valid,0,1
SERVICE_000179,CUST_0172,OLT_0001,PLAN_0005,STATE_0001,,,20260912,599.0,medium,0,,,0,1,0,0,0,valid,0,1
SERVICE_000180,CUST_0173,OLT_0009,PLAN_0008,STATE_0001,,,20260912,449.0,medium,0,,,0,1,0,0,0,valid,0,1
SERVICE_000181,CUST_0150,OLT_0002,PLAN_0004,STATE_0001,,,20260912,499.0,medium,0,,,0,1,0,0,0,valid,0,1
SERVICE_000182,CUST_0174,OLT_0001,PLAN_0005,STATE_0001,,,20260912,599.0,medium,0,,,0,1,0,0,0,valid,0,1
SERVICE_000183,CUST_0175,OLT_0001,PLAN_0004,STATE_0001,,,20260912,499.0,medium,0,,,0,1,0,0,0,valid,0,1
SERVICE_000184,CUST_0176,OLT_0002,PLAN_0008,STATE_0001,,,20260912,449.0,medium,0,,,0,1,0,0,0,valid,0,1
SERVICE_000185,CUST_0177,OLT_0002,PLAN_0005,STATE_0001,,,20260912,599.0,medium,0,,,0,1,0,0,0,valid,0,1
SERVICE_000186,CUST_0178,OLT_0001,PLAN_0008,STATE_0001,,,20260912,449.0,medium,0,,,0,1,0,0,0,valid,0,1
SERVICE_000187,CUST_0179,OLT_0001,PLAN_0005,STATE_0001,,,20260912,599.0,medium,0,,,0,1,0,0,0,valid,0,1
SERVICE_000188,CUST_0180,OLT_0005,PLAN_0007,STATE_0001,,,20260912,299.0,low,0,,,0,1,0,0,0,valid,0,1
SERVICE_000189,CUST_0181,OLT_0006,PLAN_0004,STATE_0001,,,20260912,499.0,medium,0,,,0,1,0,0,0,valid,0,1
SERVICE_000190,CUST_0182,OLT_0006,PLAN_0005,STATE_0001,,,20260912,599.0,medium,0,,,0,1,0,0,0,valid,0,1
SERVICE_000191,CUST_0183,OLT_0009,PLAN_0008,STATE_0001,,,20260912,449.0,medium,0,,,0,1,0,0,0,valid,0,1
SERVICE_000192,CUST_0184,OLT_0005,PLAN_0012,STATE_0001,,,20260912,799.0,high,0,,,0,1,0,0,0,valid,0,1
SERVICE_000193,CUST_0185,OLT_0005,PLAN_0004,STATE_0001,,,20260912,499.0,medium,0,,,0,1,0,0,0,valid,0,1
SERVICE_000194,CUST_0186,OLT_0007,PLAN_0005,STATE_0001,,,20260912,599.0,medium,0,,,0,1,0,0,0,valid,0,1
SERVICE_000195,CUST_0187,OLT_0005,PLAN_0006,STATE_0001,,,20260912,849.0,high,0,,,0,1,0,0,0,valid,0,1
SERVICE_000196,CUST_0188,OLT_0005,PLAN_0005,STATE_0001,,,20260912,599.0,medium,0,,,0,1,0,0,0,valid,0,1
SERVICE_000197,CUST_0189,OLT_0001,PLAN_0007,STATE_0001,,,20260912,299.0,low,0,,,0,1,0,0,0,valid,0,1
SERVICE_000198,CUST_0190,OLT_0009,PLAN_0005,STATE_0001,,,20260912,599.0,medium,0,,,0,1,0,0,0,valid,0,1
SERVICE_000199,CUST_0191,OLT_0001,PLAN_0007,STATE_0001,,,20260912,299.0,low,0,,,0,1,0,0,0,valid,0,1
SERVICE_000200,CUST_0192,OLT_0009,PLAN_0008,STATE_0002,,,20260912,449.0,medium,0,,,0,1,0,0,0,valid,0,1
SERVICE_000201,CUST_0193,OLT_0006,PLAN_0005,STATE_0001,,,20260912,599.0,medium,0,,,0,1,0,0,0,valid,0,1
SERVICE_000202,CUST_0194,OLT_0007,PLAN_0004,STATE_0001,,,20260912,499.0,medium,0,,,0,1,0,0,0,valid,0,1
SERVICE_000203,CUST_0195,OLT_0007,PLAN_0004,STATE_0001,,,20260912,499.0,medium,0,,,0,1,0,0,0,valid,0,1
SERVICE_000204,CUST_0196,OLT_0005,PLAN_0015,STATE_0001,,,20260912,449.0,medium,0,,,0,1,0,0,0,valid,0,1
SERVICE_000205,CUST_0141,OLT_0001,PLAN_0025,STATE_0001,,,20260912,449.0,medium,0,,,0,1,0,0,0,valid,0,1
SERVICE_000206,CUST_0197,OLT_0004,PLAN_0004,STATE_0001,,,20260912,499.0,medium,0,,,0,1,0,0,0,valid,0,1
SERVICE_000207,CUST_0198,OLT_0002,PLAN_0027,STATE_0001,,,20260912,1999.0,high,0,,,0,1,0,0,0,valid,0,1
SERVICE_000208,CUST_0199,OLT_0001,PLAN_0005,STATE_0001,,,20260912,599.0,medium,0,,,0,1,0,0,0,valid,0,1
SERVICE_000209,CUST_0200,OLT_0001,PLAN_0011,STATE_0001,,,20260912,2799.0,high,0,,,0,1,0,0,0,valid,0,1
SERVICE_000210,CUST_0201,OLT_0004,PLAN_0015,STATE_0001,,,20260912,449.0,medium,0,,,0,1,0,0,0,valid,0,1
SERVICE_000211,CUST_0202,OLT_0001,PLAN_0028,STATE_0001,,,20260912,399.0,low,0,,,0,1,0,0,0,valid,0,1
SERVICE_000212,CUST_0203,OLT_0005,PLAN_0005,STATE_0001,,,20260912,599.0,medium,0,,,0,1,0,0,0,valid,0,1
SERVICE_000213,CUST_0204,OLT_0001,PLAN_0007,STATE_0001,,,20260912,299.0,low,0,,,0,1,0,0,0,valid,0,1
SERVICE_000214,CUST_0205,OLT_0009,PLAN_0005,STATE_0001,,,20260912,599.0,medium,0,,,0,1,0,0,0,valid,0,1
SERVICE_000215,CUST_0206,OLT_0002,PLAN_0004,STATE_0001,,,20260912,499.0,medium,0,,,0,1,0,0,0,valid,0,1
SERVICE_000216,CUST_0207,OLT_0005,PLAN_0008,STATE_0001,,,20260912,449.0,medium,0,,,0,1,0,0,0,valid,0,1
SERVICE_000217,CUST_0208,OLT_0002,PLAN_0005,STATE_0001,,,20260912,599.0,medium,0,,,0,1,0,0,0,valid,0,1
SERVICE_000218,CUST_0209,OLT_0001,PLAN_0004,STATE_0001,,,20260912,499.0,medium,0,,,0,1,0,0,0,valid,0,1
SERVICE_000219,CUST_0066,OLT_0009,PLAN_0004,STATE_0002,,,20260912,499.0,medium,0,,,0,1,0,0,0,valid,0,1
SERVICE_000220,CUST_0035,OLT_0001,PLAN_0011,STATE_0003,,,20260912,2799.0,high,1,,,0,1,0,0,0,valid,0,1
SERVICE_000221,CUST_0210,OLT_0009,PLAN_0005,STATE_0001,,,20260912,599.0,medium,0,,,0,1,0,0,0,valid,0,1
SERVICE_000222,CUST_0211,OLT_0003,PLAN_0004,STATE_0001,,,20260912,499.0,medium,0,,,0,1,0,0,0,valid,0,1
SERVICE_000223,CUST_0212,OLT_0001,PLAN_0005,STATE_0001,,,20260912,599.0,medium,0,,,0,1,0,0,0,valid,0,1
SERVICE_000224,CUST_0213,OLT_0002,PLAN_0029,STATE_0001,,,20260912,699.0,medium,0,,,0,1,0,0,0,valid,0,1
SERVICE_000225,CUST_0214,OLT_0006,PLAN_0005,STATE_0001,,,20260912,599.0,medium,0,,,0,1,0,0,0,valid,0,1
SERVICE_000226,CUST_0058,OLT_0001,PLAN_0004,STATE_0001,,,20260912,499.0,medium,0,,,0,1,0,0,0,valid,0,1
SERVICE_000227,CUST_0215,OLT_0001,PLAN_0007,STATE_0001,,,20260912,299.0,low,0,,,0,1,0,0,0,valid,0,1
SERVICE_000228,CUST_0216,OLT_0010,PLAN_0005,STATE_0001,,,20260912,599.0,medium,0,,,0,1,0,0,0,valid,0,1
SERVICE_000229,CUST_0217,OLT_0006,PLAN_0004,STATE_0001,,,20260912,499.0,medium,0,,,0,1,0,0,0,valid,0,1
SERVICE_000230,CUST_0218,OLT_0001,PLAN_0008,STATE_0001,,,20260912,449.0,medium,0,,,0,1,0,0,0,valid,0,1
SERVICE_000231,CUST_0219,OLT_0001,PLAN_0012,STATE_0001,,,20260912,799.0,high,0,,,0,1,0,0,0,valid,0,1
SERVICE_000232,CUST_0220,OLT_0002,PLAN_0004,STATE_0001,,,20260912,499.0,medium,0,,,0,1,0,0,0,valid,0,1
SERVICE_000233,CUST_0221,OLT_0001,PLAN_0004,STATE_0001,,,20260912,499.0,medium,0,,,0,1,0,0,0,valid,0,1
SERVICE_000234,CUST_0222,OLT_0002,PLAN_0005,STATE_0001,,,20260912,599.0,medium,0,,,0,1,0,0,0,valid,0,1
SERVICE_000235,CUST_0223,OLT_0009,PLAN_0004,STATE_0001,,,20260912,499.0,medium,0,,,0,1,0,0,0,valid,0,1
SERVICE_000236,CUST_0224,OLT_0005,PLAN_0012,STATE_0001,,,20260912,799.0,high,0,,,0,1,0,0,0,valid,0,1
SERVICE_000237,CUST_0225,OLT_0002,PLAN_0005,STATE_0001,,,20260912,599.0,medium,0,,,0,1,0,0,0,valid,0,1
SERVICE_000238,CUST_0226,OLT_0009,PLAN_0005,STATE_0001,,,20260912,599.0,medium,0,,,0,1,0,0,0,valid,0,1
SERVICE_000239,CUST_0035,OLT_0001,PLAN_0011,STATE_0003,,,20260912,2799.0,high,1,,,0,1,0,0,0,valid,0,1
SERVICE_000240,CUST_0227,OLT_0002,PLAN_0005,STATE_0001,,,20260912,599.0,medium,0,,,0,1,0,0,0,valid,0,1
SERVICE_000241,CUST_0228,OLT_0006,PLAN_0016,STATE_0001,,,20260912,599.0,medium,0,,,0,1,0,0,0,valid,0,1
SERVICE_000242,CUST_0229,OLT_0007,PLAN_0010,STATE_0001,,,20260912,399.0,low,0,,,0,1,0,0,0,valid,0,1
SERVICE_000243,CUST_0230,OLT_0006,PLAN_0004,STATE_0001,,,20260912,499.0,medium,0,,,0,1,0,0,0,valid,0,1
SERVICE_000244,CUST_0231,OLT_0002,PLAN_0005,STATE_0001,,,20260912,599.0,medium,0,,,0,1,0,0,0,valid,0,1
SERVICE_000245,CUST_0232,OLT_0004,PLAN_0005,STATE_0001,,,20260912,599.0,medium,0,,,0,1,0,0,0,valid,0,1
SERVICE_000246,CUST_0233,OLT_0006,PLAN_0012,STATE_0003,,,20260912,799.0,high,1,,,0,1,0,0,0,valid,0,1
SERVICE_000247,CUST_0234,OLT_0001,PLAN_0004,STATE_0001,,,20260912,499.0,medium,0,,,0,1,0,0,0,valid,0,1
SERVICE_000248,CUST_0235,OLT_0001,PLAN_0012,STATE_0001,,,20260912,799.0,high,0,,,0,1,0,0,0,valid,0,1
SERVICE_000249,CUST_0236,OLT_0001,PLAN_0007,STATE_0001,,,20260912,299.0,low,0,,,0,1,0,0,0,valid,0,1
SERVICE_000250,CUST_0237,OLT_0002,PLAN_0012,STATE_0001,,,20260912,799.0,high,0,,,0,1,0,0,0,valid,0,1
SERVICE_000251,CUST_0238,OLT_0001,PLAN_0018,STATE_0001,,,20260912,999.0,high,0,,,0,1,0,0,0,valid,0,1
SERVICE_000252,CUST_0239,OLT_0001,PLAN_0007,STATE_0001,,,20260912,299.0,low,0,,,0,1,0,0,0,valid,0,1
SERVICE_000253,CUST_0240,OLT_0005,PLAN_0004,STATE_0001,,,20260912,499.0,medium,0,,,0,1,0,0,0,valid,0,1
SERVICE_000254,CUST_0107,OLT_0007,PLAN_0022,STATE_0001,,,20260912,599.0,medium,0,,,0,1,0,0,0,valid,0,1
SERVICE_000255,CUST_0241,OLT_0007,PLAN_0004,STATE_0001,,,20260912,499.0,medium,0,,,0,1,0,0,0,valid,0,1
SERVICE_000256,CUST_0242,OLT_0006,PLAN_0004,STATE_0001,,,20260912,499.0,medium,0,,,0,1,0,0,0,valid,0,1
SERVICE_000257,CUST_0243,OLT_0006,PLAN_0004,STATE_0001,,,20260912,499.0,medium,0,,,0,1,0,0,0,valid,0,1
SERVICE_000258,CUST_0093,OLT_0001,PLAN_0005,STATE_0001,,,20260912,599.0,medium,0,,,0,1,0,0,0,valid,0,1
SERVICE_000259,CUST_0244,OLT_0001,PLAN_0008,STATE_0001,,,20260912,449.0,medium,0,,,0,1,0,0,0,valid,0,1
SERVICE_000260,CUST_0245,OLT_0002,PLAN_0004,STATE_0001,,,20260912,499.0,medium,0,,,0,1,0,0,0,valid,0,1
SERVICE_000261,CUST_0093,OLT_0002,PLAN_0005,STATE_0001,,,20260912,599.0,medium,0,,,0,1,0,0,0,valid,0,1
SERVICE_000262,CUST_0246,OLT_0002,PLAN_0025,STATE_0001,,,20260912,449.0,medium,0,,,0,1,0,0,0,valid,0,1
SERVICE_000263,CUST_0247,OLT_0009,PLAN_0030,STATE_0001,,,20260912,4799.0,high,0,,,0,1,0,0,0,valid,0,1
SERVICE_000264,CUST_0248,OLT_0001,PLAN_0008,STATE_0001,,,20260912,449.0,medium,0,,,0,1,0,0,0,valid,0,1
SERVICE_000265,CUST_0249,OLT_0009,PLAN_0006,STATE_0001,,,20260912,849.0,high,0,,,0,1,0,0,0,valid,0,1
SERVICE_000266,CUST_0250,OLT_0004,PLAN_0004,STATE_0001,,,20260912,499.0,medium,0,,,0,1,0,0,0,valid,0,1
SERVICE_000267,CUST_0251,OLT_0001,PLAN_0004,STATE_0001,,,20260912,499.0,medium,0,,,0,1,0,0,0,valid,0,1
SERVICE_000268,CUST_0252,OLT_0005,PLAN_0004,STATE_0001,,,20260912,499.0,medium,0,,,0,1,0,0,0,valid,0,1
SERVICE_000269,CUST_0253,OLT_0002,PLAN_0004,STATE_0001,,,20260912,499.0,medium,0,,,0,1,0,0,0,valid,0,1
SERVICE_000270,CUST_0254,OLT_0002,PLAN_0004,STATE_0001,,,20260912,499.0,medium,0,,,0,1,0,0,0,valid,0,1
SERVICE_000271,CUST_0255,OLT_0001,PLAN_0005,STATE_0001,,,20260912,599.0,medium,0,,,0,1,0,0,0,valid,0,1
SERVICE_000272,CUST_0256,OLT_0001,PLAN_0010,STATE_0001,,,20260912,399.0,low,0,,,0,1,0,0,0,valid,0,1
SERVICE_000273,CUST_0257,OLT_0002,PLAN_0005,STATE_0001,,,20260912,599.0,medium,0,,,0,1,0,0,0,valid,0,1
SERVICE_000274,CUST_0258,OLT_0006,PLAN_0012,STATE_0001,,,20260912,799.0,high,0,,,0,1,0,0,0,valid,0,1
SERVICE_000275,CUST_0259,OLT_0004,PLAN_0004,STATE_0001,,,20260912,499.0,medium,0,,,0,1,0,0,0,valid,0,1
SERVICE_000276,CUST_0260,OLT_0002,PLAN_0004,STATE_0001,,,20260912,499.0,medium,0,,,0,1,0,0,0,valid,0,1
SERVICE_000277,CUST_0261,OLT_0005,PLAN_0004,STATE_0001,,,20260912,499.0,medium,0,,,0,1,0,0,0,valid,0,1
SERVICE_000278,CUST_0262,OLT_0001,PLAN_0008,STATE_0001,,,20260912,449.0,medium,0,,,0,1,0,0,0,valid,0,1
SERVICE_000279,CUST_0263,OLT_0002,PLAN_0005,STATE_0001,,,20260912,599.0,medium,0,,,0,1,0,0,0,valid,0,1
SERVICE_000280,CUST_0264,OLT_0005,PLAN_0004,STATE_0001,,,20260912,499.0,medium,0,,,0,1,0,0,0,valid,0,1
SERVICE_000281,CUST_0265,OLT_0005,PLAN_0031,STATE_0002,,,20260912,999.0,high,0,,,0,1,0,0,0,valid,0,1
SERVICE_000282,CUST_0266,OLT_0009,PLAN_0004,STATE_0001,,,20260912,499.0,medium,0,,,0,1,0,0,0,valid,0,1
SERVICE_000283,CUST_0267,OLT_0001,PLAN_0004,STATE_0001,,,20260912,499.0,medium,0,,,0,1,0,0,0,valid,0,1
SERVICE_000284,CUST_0268,OLT_0001,PLAN_0005,STATE_0001,,,20260912,599.0,medium,0,,,0,1,0,0,0,valid,0,1
SERVICE_000285,CUST_0269,OLT_0002,PLAN_0004,STATE_0001,,,20260912,499.0,medium,0,,,0,1,0,0,0,valid,0,1
SERVICE_000286,CUST_0270,OLT_0009,PLAN_0004,STATE_0001,,,20260912,499.0,medium,0,,,0,1,0,0,0,valid,0,1
SERVICE_000287,CUST_0271,OLT_0001,PLAN_0004,STATE_0001,,,20260912,499.0,medium,0,,,0,1,0,0,0,valid,0,1
SERVICE_000288,CUST_0272,OLT_0005,PLAN_0004,STATE_0002,,,20260912,499.0,medium,0,,,0,1,0,0,0,valid,0,1
SERVICE_000289,CUST_0273,OLT_0001,PLAN_0032,STATE_0001,,,20260912,299.0,low,0,,,0,1,0,0,1,review,0,1
SERVICE_000290,CUST_0274,OLT_0001,PLAN_0007,STATE_0001,,,20260912,299.0,low,0,,,0,1,0,0,0,valid,0,1
SERVICE_000291,CUST_0275,OLT_0002,PLAN_0005,STATE_0001,,,20260912,599.0,medium,0,,,0,1,0,0,0,valid,0,1
SERVICE_000292,CUST_0276,OLT_0002,PLAN_0012,STATE_0001,,,20260912,7990.0,high,0,,,0,1,0,0,0,valid,0,1
SERVICE_000293,CUST_0277,OLT_0006,PLAN_0006,STATE_0001,,,20260912,8490.0,high,0,,,0,1,0,0,0,valid,0,1
SERVICE_000294,CUST_0278,OLT_0001,PLAN_0008,STATE_0001,,,20260912,4490.0,high,0,,,0,1,0,0,0,valid,0,1
SERVICE_000295,CUST_0279,OLT_0001,PLAN_0004,STATE_0003,,,20260912,499.0,medium,1,,,0,1,0,0,0,valid,0,1
SERVICE_000296,CUST_0280,OLT_0009,PLAN_0006,STATE_0001,,,20260912,8490.0,high,0,,,0,1,0,0,0,valid,0,1
SERVICE_000297,CUST_0281,OLT_0002,PLAN_0005,STATE_0001,,,20260912,5990.0,high,0,,,0,1,0,0,0,valid,0,1
SERVICE_000298,CUST_0282,OLT_0002,PLAN_0005,STATE_0001,,,20260912,5990.0,high,0,,,0,1,0,0,0,valid,0,1
SERVICE_000299,CUST_0283,OLT_0001,PLAN_0005,STATE_0001,,,20260912,5990.0,high,0,,,0,1,0,0,0,valid,0,1
SERVICE_000300,CUST_0284,OLT_0001,PLAN_0012,STATE_0001,,,20260912,7990.0,high,0,,,0,1,0,0,0,valid,0,1
SERVICE_000301,CUST_0285,OLT_0001,PLAN_0005,STATE_0001,,,20260912,599.0,medium,0,,,0,1,0,0,0,valid,0,1
SERVICE_000302,CUST_0286,OLT_0002,PLAN_0033,STATE_0001,,,20260912,3290.0,high,0,,,0,1,0,0,0,valid,0,1
SERVICE_000303,CUST_0287,OLT_0009,PLAN_0020,STATE_0001,,,20260912,999.0,high,0,,,0,1,0,0,0,valid,0,1
SERVICE_000304,CUST_0288,OLT_0006,PLAN_0034,STATE_0001,,,20260912,999.0,high,0,,,0,1,0,0,0,valid,0,1
SERVICE_000305,CUST_0289,OLT_0009,PLAN_0020,STATE_0001,,,20260912,999.0,high,0,,,0,1,0,0,0,valid,0,1
SERVICE_000306,CUST_0290,OLT_0002,PLAN_0005,STATE_0001,,,20260912,5990.0,high,0,,,0,1,0,0,0,valid,0,1
SERVICE_000307,CUST_0291,OLT_0001,PLAN_0008,STATE_0001,,,20260912,4490.0,high,0,,,0,1,0,0,0,valid,0,1
SERVICE_000308,CUST_0292,OLT_0001,PLAN_0007,STATE_0001,,,20260912,2990.0,high,0,,,0,1,0,0,0,valid,0,1
SERVICE_000309,CUST_0293,OLT_0001,PLAN_0014,STATE_0001,,,20260912,1299.0,high,0,,,0,1,0,0,0,valid,0,1
SERVICE_000310,CUST_0294,OLT_0002,PLAN_0012,STATE_0001,,,20260912,799.0,high,0,,,0,1,0,0,0,valid,0,1
SERVICE_000311,CUST_0295,OLT_0001,PLAN_0005,STATE_0001,,,20260912,599.0,medium,0,,,0,1,0,0,0,valid,0,1
SERVICE_000312,CUST_0296,OLT_0006,PLAN_0033,STATE_0003,,,20260912,3290.0,high,1,,,0,1,0,0,0,valid,0,1
SERVICE_000313,CUST_0297,OLT_0005,PLAN_0035,STATE_0001,,,20260912,699.0,medium,0,,,0,1,0,0,0,valid,0,1
SERVICE_000314,CUST_0298,OLT_0002,PLAN_0035,STATE_0001,,,20260912,699.0,medium,0,,,0,1,0,0,0,valid,0,1
SERVICE_000315,CUST_0299,OLT_0002,PLAN_0005,STATE_0001,,,20260912,5990.0,high,0,,,0,1,0,0,0,valid,0,1
SERVICE_000316,CUST_0300,OLT_0002,PLAN_0004,STATE_0001,,,20260912,499.0,medium,0,,,0,1,0,0,0,valid,0,1
SERVICE_000317,CUST_0301,OLT_0002,PLAN_0004,STATE_0001,,,20260912,499.0,medium,0,,,0,1,0,0,0,valid,0,1
SERVICE_000318,CUST_0302,OLT_0003,PLAN_0036,STATE_0001,,,20260912,399.0,low,0,,,0,1,0,0,0,valid,0,1
SERVICE_000319,CUST_0303,OLT_0003,PLAN_0036,STATE_0001,,,20260912,399.0,low,0,,,0,1,0,0,0,valid,0,1
SERVICE_000320,CUST_0304,OLT_0001,PLAN_0008,STATE_0001,,,20260912,4490.0,high,0,,,0,1,0,0,0,valid,0,1
SERVICE_000321,CUST_0305,OLT_0001,PLAN_0034,STATE_0001,,,20260912,9990.0,high,0,,,0,1,0,0,0,valid,0,1
SERVICE_000322,CUST_0306,OLT_0006,PLAN_0005,STATE_0001,,,20260912,599.0,medium,0,,,0,1,0,0,0,valid,0,1
SERVICE_000323,CUST_0307,OLT_0005,PLAN_0004,STATE_0001,,,20260912,499.0,medium,0,,,0,1,0,0,0,valid,0,1
SERVICE_000324,CUST_0308,OLT_0002,PLAN_0017,STATE_0001,,,20260912,8490.0,high,0,,,0,1,0,0,0,valid,0,1
SERVICE_000325,CUST_0309,OLT_0005,PLAN_0008,STATE_0001,,,20260912,449.0,medium,0,,,0,1,0,0,0,valid,0,1
SERVICE_000326,CUST_0310,OLT_0001,PLAN_0007,STATE_0001,,,20260912,299.0,low,0,,,0,1,0,0,0,valid,0,1
SERVICE_000327,CUST_0311,OLT_0002,PLAN_0005,STATE_0001,,,20260912,5990.0,high,0,,,0,1,0,0,0,valid,0,1
SERVICE_000328,CUST_0312,OLT_0001,PLAN_0004,STATE_0001,,,20260912,4990.0,high,0,,,0,1,0,0,0,valid,0,1
SERVICE_000329,CUST_0313,OLT_0002,PLAN_0005,STATE_0001,,,20260912,599.0,medium,0,,,0,1,0,0,0,valid,0,1
SERVICE_000330,CUST_0314,OLT_0001,PLAN_0033,STATE_0001,,,20260912,329.0,low,0,,,0,1,0,0,0,valid,0,1
SERVICE_000331,CUST_0315,OLT_0001,PLAN_0008,STATE_0001,,,20260912,449.0,medium,0,,,0,1,0,0,0,valid,0,1
SERVICE_000332,CUST_0316,OLT_0002,PLAN_0034,STATE_0001,,,20260912,999.0,high,0,,,0,1,0,0,0,valid,0,1
SERVICE_000333,CUST_0317,OLT_0001,PLAN_0008,STATE_0001,,,20260912,4490.0,high,0,,,0,1,0,0,0,valid,0,1
SERVICE_000334,CUST_0318,OLT_0001,PLAN_0007,STATE_0001,,,20260912,2990.0,high,0,,,0,1,0,0,0,valid,0,1
SERVICE_000335,CUST_0319,OLT_0001,PLAN_0012,STATE_0001,,,20260912,7990.0,high,0,,,0,1,0,0,0,valid,0,1
SERVICE_000336,CUST_0320,OLT_0002,PLAN_0005,STATE_0002,,,20260912,599.0,medium,0,,,0,1,0,0,0,valid,0,1
SERVICE_000337,CUST_0321,OLT_0005,PLAN_0005,STATE_0001,,,20260912,599.0,medium,0,,,0,1,0,0,0,valid,0,1
SERVICE_000338,CUST_0322,OLT_0011,PLAN_0014,STATE_0001,,,20260912,12990.0,high,0,,,0,1,0,0,0,valid,0,1
SERVICE_000339,CUST_0323,OLT_0005,PLAN_0005,STATE_0001,,,20260912,5990.0,high,0,,,0,1,0,0,0,valid,0,1
SERVICE_000340,CUST_0324,OLT_0007,PLAN_0004,STATE_0001,,,20260912,4990.0,high,0,,,0,1,0,0,0,valid,0,1
SERVICE_000341,CUST_0325,OLT_0006,PLAN_0005,STATE_0001,,,20260912,5990.0,high,0,,,0,1,0,0,0,valid,0,1
SERVICE_000342,CUST_0326,OLT_0006,PLAN_0008,STATE_0001,,,20260912,4490.0,high,0,,,0,1,0,0,0,valid,0,1
SERVICE_000343,CUST_0327,OLT_0006,PLAN_0033,STATE_0001,,,20260912,329.0,low,0,,,0,1,0,0,0,valid,0,1
SERVICE_000344,CUST_0328,OLT_0007,PLAN_0037,STATE_0001,,,20260912,799.0,high,0,,,0,1,0,0,0,valid,0,1
SERVICE_000345,CUST_0329,OLT_0007,PLAN_0038,STATE_0001,,,20260912,4490.0,high,0,,,0,1,0,0,0,valid,0,1
SERVICE_000346,CUST_0330,OLT_0010,PLAN_0005,STATE_0001,,,20260912,599.0,medium,0,,,0,1,0,0,0,valid,0,1
SERVICE_000347,CUST_0331,OLT_0007,PLAN_0020,STATE_0001,,,20260912,999.0,high,0,,,0,1,0,0,0,valid,0,1
SERVICE_000348,CUST_0332,OLT_0007,PLAN_0039,STATE_0001,,,20260912,2490.0,high,0,,,0,1,0,0,0,valid,0,1
SERVICE_000349,CUST_0333,OLT_0005,PLAN_0004,STATE_0001,,,20260912,4990.0,high,0,,,0,1,0,0,0,valid,0,1
SERVICE_000350,CUST_0334,OLT_0001,PLAN_0012,STATE_0001,,,20260912,799.0,high,0,,,0,1,0,0,0,valid,0,1
SERVICE_000351,CUST_0335,OLT_0010,PLAN_0034,STATE_0001,,,20260912,9990.0,high,0,,,0,1,0,0,0,valid,0,1
SERVICE_000352,CUST_0336,OLT_0001,PLAN_0006,STATE_0001,,,20260912,849.0,high,0,,,0,1,0,0,0,valid,0,1
SERVICE_000353,CUST_0337,OLT_0001,PLAN_0021,STATE_0001,,,20260912,1499.0,high,0,,,0,1,0,0,0,valid,0,1
SERVICE_000354,CUST_0338,OLT_0001,PLAN_0021,STATE_0001,,,20260912,1499.0,high,0,,,0,1,0,0,0,valid,0,1
SERVICE_000355,CUST_0339,OLT_0007,PLAN_0005,STATE_0001,,,20260912,5990.0,high,0,,,0,1,0,0,0,valid,0,1
SERVICE_000356,CUST_0340,OLT_0006,PLAN_0005,STATE_0001,,,20260912,5990.0,high,0,,,0,1,0,0,0,valid,0,1
SERVICE_000357,CUST_0341,OLT_0007,PLAN_0012,STATE_0001,,,20260912,7990.0,high,0,,,0,1,0,0,0,valid,0,1
SERVICE_000358,CUST_0342,OLT_0001,PLAN_0005,STATE_0001,,,20260912,5990.0,high,0,,,0,1,0,0,0,valid,0,1
SERVICE_000359,CUST_0343,OLT_0002,PLAN_0040,STATE_0001,,,20260912,9590.0,high,0,,,0,1,0,0,0,valid,0,1
SERVICE_000360,CUST_0344,OLT_0007,PLAN_0012,STATE_0001,,,20260912,799.0,high,0,,,0,1,0,0,0,valid,0,1
SERVICE_000361,CUST_0345,OLT_0001,PLAN_0012,STATE_0001,,,20260912,799.0,high,0,,,0,1,0,0,0,valid,0,1
SERVICE_000362,CUST_0346,OLT_0005,PLAN_0005,STATE_0001,,,20260912,5990.0,high,0,,,0,1,0,0,0,valid,0,1
SERVICE_000363,CUST_0347,OLT_0002,PLAN_0033,STATE_0001,,,20260912,3290.0,high,0,,,0,1,0,0,0,valid,0,1
SERVICE_000364,CUST_0348,OLT_0003,PLAN_0005,STATE_0001,,,20260912,5990.0,high,0,,,0,1,0,0,0,valid,0,1
SERVICE_000365,CUST_0349,OLT_0008,PLAN_0013,STATE_0001,,,20260912,1299.0,high,0,,,0,1,0,0,0,valid,0,1
SERVICE_000366,CUST_0350,OLT_0001,PLAN_0005,STATE_0001,,,20260912,599.0,medium,0,,,0,1,0,0,0,valid,0,1
SERVICE_000367,CUST_0351,OLT_0001,PLAN_0012,STATE_0001,,,20260912,799.0,high,0,,,0,1,0,0,0,valid,0,1
SERVICE_000368,CUST_0352,OLT_0006,PLAN_0012,STATE_0001,,,20260912,799.0,high,0,,,0,1,0,0,0,valid,0,1
SERVICE_000369,CUST_0349,OLT_0008,PLAN_0041,STATE_0001,,,20260912,999.0,high,0,,,0,1,0,0,0,valid,0,1
SERVICE_000370,CUST_0353,OLT_0001,PLAN_0019,STATE_0001,,,20260912,849.0,high,0,,,0,1,0,0,0,valid,0,1
SERVICE_000371,CUST_0354,OLT_0005,PLAN_0005,STATE_0001,,,20260912,5990.0,high,0,,,0,1,0,0,0,valid,0,1
SERVICE_000372,CUST_0355,OLT_0005,PLAN_0005,STATE_0001,,,20260912,5990.0,high,0,,,0,1,0,0,0,valid,0,1
SERVICE_000373,CUST_0356,OLT_0005,PLAN_0005,STATE_0002,,,20260912,599.0,medium,0,,,0,1,0,0,0,valid,0,1
SERVICE_000374,CUST_0357,OLT_0001,PLAN_0004,STATE_0001,,,20260912,4990.0,high,0,,,0,1,0,0,0,valid,0,1
SERVICE_000375,CUST_0358,OLT_0005,PLAN_0020,STATE_0001,,,20260912,999.0,high,0,,,0,1,0,0,0,valid,0,1
SERVICE_000376,CUST_0359,OLT_0001,PLAN_0012,STATE_0001,,,20260912,799.0,high,0,,,0,1,0,0,0,valid,0,1
SERVICE_000377,CUST_0360,OLT_0002,PLAN_0042,STATE_0001,,,20260912,5990.0,high,0,,,0,1,0,0,1,review,0,1
SERVICE_000378,CUST_0361,OLT_0001,PLAN_0012,STATE_0001,,,20260912,799.0,high,0,,,0,1,0,0,0,valid,0,1
SERVICE_000379,CUST_0362,OLT_0007,PLAN_0015,STATE_0001,,,20260912,449.0,medium,0,,,0,1,0,0,0,valid,0,1
SERVICE_000380,CUST_0363,OLT_0002,PLAN_0006,STATE_0001,,,20260912,8490.0,high,0,,,0,1,0,0,0,valid,0,1
SERVICE_000381,CUST_0364,OLT_0005,PLAN_0043,STATE_0001,,,20260912,12770.0,high,0,,,0,1,0,0,0,valid,0,1
SERVICE_000382,CUST_0365,OLT_0005,PLAN_0012,STATE_0001,,,20260912,7990.0,high,0,,,0,1,0,0,0,valid,0,1
SERVICE_000383,CUST_0366,OLT_0006,PLAN_0044,STATE_0001,,,20260912,3290.0,high,0,,,0,1,0,0,1,review,0,1
SERVICE_000384,CUST_0367,OLT_0007,PLAN_0012,STATE_0001,,,20260912,7990.0,high,0,,,0,1,0,0,0,valid,0,1
SERVICE_000385,CUST_0368,OLT_0010,PLAN_0012,STATE_0001,,,20260912,7990.0,high,0,,,0,1,0,0,0,valid,0,1
SERVICE_000386,CUST_0369,OLT_0002,PLAN_0012,STATE_0001,,,20260912,799.0,high,0,,,0,1,0,0,0,valid,0,1
SERVICE_000387,CUST_0370,OLT_0001,PLAN_0004,STATE_0001,,,20260912,499.0,medium,0,,,0,1,0,0,0,valid,0,1
SERVICE_000388,CUST_0371,OLT_0001,PLAN_0012,STATE_0001,,,20260912,7990.0,high,0,,,0,1,0,0,0,valid,0,1
SERVICE_000389,CUST_0372,OLT_0010,PLAN_0035,STATE_0001,,,20260912,699.0,medium,0,,,0,1,0,0,0,valid,0,1
SERVICE_000390,CUST_0373,OLT_0002,PLAN_0037,STATE_0001,,,20260912,799.0,high,0,,,0,1,0,0,0,valid,0,1
SERVICE_000391,CUST_0374,OLT_0001,PLAN_0011,STATE_0001,,,20260912,2799.0,high,0,,,0,1,0,0,0,valid,0,1
SERVICE_000392,CUST_0375,OLT_0007,PLAN_0006,STATE_0001,,,20260912,8490.0,high,0,,,0,1,0,0,0,valid,0,1
SERVICE_000393,CUST_0376,OLT_0007,PLAN_0006,STATE_0001,,,20260912,8490.0,high,0,,,0,1,0,0,0,valid,0,1
SERVICE_000394,CUST_0377,OLT_0009,PLAN_0030,STATE_0001,,,20260912,4799.0,high,0,,,0,1,0,0,0,valid,0,1
SERVICE_000395,CUST_0378,OLT_0001,PLAN_0020,STATE_0001,,,20260912,999.0,high,0,,,0,1,0,0,0,valid,0,1
SERVICE_000396,CUST_0379,OLT_0005,PLAN_0014,STATE_0001,,,20260912,1299.0,high,0,,,0,1,0,0,0,valid,0,1
SERVICE_000397,CUST_0380,OLT_0001,PLAN_0020,STATE_0001,,,20260912,999.0,high,0,,,0,1,0,0,0,valid,0,1
SERVICE_000398,CUST_0381,OLT_0006,PLAN_0014,STATE_0001,,,20260912,12990.0,high,0,,,0,1,0,0,0,valid,0,1
SERVICE_000399,CUST_0382,OLT_0001,PLAN_0006,STATE_0001,,,20260912,8490.0,high,0,,,0,1,0,0,0,valid,0,1
SERVICE_000400,CUST_0006,OLT_0001,PLAN_0020,STATE_0001,,,20260912,999.0,high,0,,,0,1,0,0,0,valid,0,1
SERVICE_000401,CUST_0383,OLT_0001,PLAN_0005,STATE_0001,,,20260912,599.0,medium,0,,,0,1,0,0,0,valid,0,1
SERVICE_000402,CUST_0384,OLT_0011,PLAN_0045,STATE_0001,,,20260912,4799.0,high,0,,,0,1,0,0,0,valid,0,1
SERVICE_000403,CUST_0384,OLT_0011,PLAN_0005,STATE_0001,,,20260912,5990.0,high,0,,,0,1,0,0,0,valid,0,1
SERVICE_000404,CUST_0385,OLT_0001,PLAN_0020,STATE_0002,,,20260912,999.0,high,0,,,0,1,0,0,0,valid,0,1
SERVICE_000405,CUST_0386,OLT_0001,PLAN_0014,STATE_0001,,,20260912,1299.0,high,0,,,0,1,0,0,0,valid,0,1
SERVICE_000406,CUST_0387,OLT_0001,PLAN_0034,STATE_0001,,,20260912,999.0,high,0,,,0,1,0,0,0,valid,0,1
SERVICE_000407,CUST_0388,OLT_0001,PLAN_0034,STATE_0001,,,20260912,999.0,high,0,,,0,1,0,0,0,valid,0,1
SERVICE_000408,CUST_0389,OLT_0002,PLAN_0033,STATE_0001,,,20260912,3290.0,high,0,,,0,1,0,0,0,valid,0,1
SERVICE_000409,CUST_0390,OLT_0001,PLAN_0005,STATE_0001,,,20260912,5990.0,high,0,,,0,1,0,0,0,valid,0,1
SERVICE_000410,CUST_0391,OLT_0001,PLAN_0006,STATE_0001,,,20260912,849.0,high,0,,,0,1,0,0,0,valid,0,1
SERVICE_000411,CUST_0392,OLT_0002,PLAN_0004,STATE_0001,,,20260912,4990.0,high,0,,,0,1,0,0,0,valid,0,1
SERVICE_000412,CUST_0393,OLT_0005,PLAN_0037,STATE_0001,,,20260912,799.0,high,0,,,0,1,0,0,0,valid,0,1
SERVICE_000413,CUST_0394,OLT_0009,PLAN_0015,STATE_0001,,,20260912,449.0,medium,0,,,0,1,0,0,0,valid,0,1
SERVICE_000414,CUST_0395,OLT_0001,PLAN_0009,STATE_0001,,,20260912,9990.0,high,0,,,0,1,0,0,0,valid,0,1
SERVICE_000415,CUST_0396,OLT_0001,PLAN_0014,STATE_0001,,,20260912,1299.0,high,0,,,0,1,0,0,0,valid,0,1
SERVICE_000416,CUST_0397,OLT_0007,PLAN_0012,STATE_0001,,,20260912,799.0,high,0,,,0,1,0,0,0,valid,0,1
SERVICE_000417,CUST_0398,OLT_0007,PLAN_0005,STATE_0001,,,20260912,5990.0,high,0,,,0,1,0,0,0,valid,0,1
SERVICE_000418,CUST_0399,OLT_0002,PLAN_0005,STATE_0001,,,20260912,599.0,medium,0,,,0,1,0,0,0,valid,0,1
SERVICE_000419,CUST_0400,OLT_0005,PLAN_0042,STATE_0001,,,20260912,5990.0,high,0,,,0,1,0,0,1,review,0,1
SERVICE_000420,CUST_0401,OLT_0002,PLAN_0037,STATE_0001,,,20260912,799.0,high,0,,,0,1,0,0,0,valid,0,1
SERVICE_000421,CUST_0402,OLT_0001,PLAN_0015,STATE_0001,,,20260912,449.0,medium,0,,,0,1,0,0,0,valid,0,1
SERVICE_000422,CUST_0403,OLT_0005,PLAN_0036,STATE_0001,,,20260912,3990.0,high,0,,,0,1,0,0,0,valid,0,1
SERVICE_000423,CUST_0404,OLT_0001,PLAN_0005,STATE_0001,,,20260912,5990.0,high,0,,,0,1,0,0,0,valid,0,1
SERVICE_000424,CUST_0405,OLT_0001,PLAN_0021,STATE_0002,,,20260912,1499.0,high,0,,,0,1,0,0,0,valid,0,1
SERVICE_000425,CUST_0406,OLT_0001,PLAN_0033,STATE_0001,,,20260912,3290.0,high,0,,,0,1,0,0,0,valid,0,1
SERVICE_000426,CUST_0407,OLT_0002,PLAN_0006,STATE_0001,,,20260912,849.0,high,0,,,0,1,0,0,0,valid,0,1
SERVICE_000427,CUST_0408,OLT_0009,PLAN_0039,STATE_0001,,,20260912,249.0,low,0,,,0,1,0,0,0,valid,0,1
SERVICE_000428,CUST_0409,OLT_0001,PLAN_0008,STATE_0001,,,20260912,449.0,medium,0,,,0,1,0,0,0,valid,0,1
SERVICE_000429,CUST_0410,OLT_0001,PLAN_0020,STATE_0001,,,20260912,999.0,high,0,,,0,1,0,0,0,valid,0,1
SERVICE_000430,CUST_0411,OLT_0001,PLAN_0007,STATE_0001,,,20260912,299.0,low,0,,,0,1,0,0,0,valid,0,1
SERVICE_000431,CUST_0412,OLT_0005,PLAN_0008,STATE_0001,,,20260912,4490.0,high,0,,,0,1,0,0,0,valid,0,1
SERVICE_000432,CUST_0413,OLT_0001,PLAN_0033,STATE_0001,,,20260912,3290.0,high,0,,,0,1,0,0,0,valid,0,1
SERVICE_000433,CUST_0414,OLT_0001,PLAN_0004,STATE_0001,,,20260912,499.0,medium,0,,,0,1,0,0,0,valid,0,1
SERVICE_000434,CUST_0415,OLT_0001,PLAN_0046,STATE_0001,,,20260912,17990.0,high,0,,,0,1,0,0,0,valid,0,1
SERVICE_000435,CUST_0416,OLT_0003,PLAN_0005,STATE_0001,,,20260912,5990.0,high,0,,,0,1,0,0,0,valid,0,1
SERVICE_000436,CUST_0417,OLT_0003,PLAN_0036,STATE_0001,,,20260912,399.0,low,0,,,0,1,0,0,0,valid,0,1
SERVICE_000437,CUST_0418,OLT_0001,PLAN_0008,STATE_0001,,,20260912,4490.0,high,0,,,0,1,0,0,0,valid,0,1
SERVICE_000438,CUST_0419,OLT_0001,PLAN_0034,STATE_0001,,,20260912,9990.0,high,0,,,0,1,0,0,0,valid,0,1
SERVICE_000439,CUST_0420,OLT_0004,PLAN_0047,STATE_0001,,,20260912,449.0,medium,0,,,0,1,0,0,1,review,0,1
SERVICE_000440,CUST_0421,OLT_0001,PLAN_0007,STATE_0001,,,20260912,299.0,low,0,,,0,1,0,0,0,valid,0,1
SERVICE_000441,CUST_0422,OLT_0002,PLAN_0004,STATE_0001,,,20260912,499.0,medium,0,,,0,1,0,0,0,valid,0,1
SERVICE_000442,CUST_0423,OLT_0001,PLAN_0033,STATE_0001,,,20260912,329.0,low,0,,,0,1,0,0,0,valid,0,1
SERVICE_000443,CUST_0424,OLT_0002,PLAN_0004,STATE_0001,,,20260912,499.0,medium,0,,,0,1,0,0,0,valid,0,1
SERVICE_000444,CUST_0425,OLT_0009,PLAN_0034,STATE_0001,,,20260912,999.0,high,0,,,0,1,0,0,0,valid,0,1
SERVICE_000445,CUST_0426,OLT_0002,PLAN_0004,STATE_0001,,,20260912,4990.0,high,0,,,0,1,0,0,0,valid,0,1
SERVICE_000446,CUST_0427,OLT_0001,PLAN_0034,STATE_0001,,,20260912,999.0,high,0,,,0,1,0,0,0,valid,0,1
SERVICE_000447,CUST_0428,OLT_0006,PLAN_0033,STATE_0003,,,20260912,329.0,low,1,,,0,1,0,0,0,valid,0,1
SERVICE_000448,CUST_0429,OLT_0002,PLAN_0005,STATE_0003,,,20260912,599.0,medium,1,,,0,1,0,0,0,valid,0,1
SERVICE_000449,CUST_0430,OLT_0002,PLAN_0008,STATE_0001,,,20260912,5990.0,high,0,,,0,1,0,0,0,valid,0,1
SERVICE_000450,CUST_0431,OLT_0001,PLAN_0033,STATE_0001,,,20260912,3290.0,high,0,,,0,1,0,0,0,valid,0,1
SERVICE_000451,CUST_0432,OLT_0005,PLAN_0005,STATE_0001,,,20260912,5990.0,high,0,,,0,1,0,0,0,valid,0,1
SERVICE_000452,CUST_0433,OLT_0001,PLAN_0007,STATE_0001,,,20260912,299.0,low,0,,,0,1,0,0,0,valid,0,1
SERVICE_000453,CUST_0434,OLT_0001,PLAN_0039,STATE_0001,,,20260912,249.0,low,0,,,0,1,0,0,0,valid,0,1
SERVICE_000454,CUST_0435,OLT_0001,PLAN_0034,STATE_0001,,,20260912,9990.0,high,0,,,0,1,0,0,0,valid,0,1
SERVICE_000455,CUST_0436,OLT_0001,PLAN_0048,STATE_0001,,,20260912,3290.0,high,0,,,0,1,0,0,0,valid,0,1
SERVICE_000456,CUST_0437,OLT_0001,PLAN_0049,STATE_0001,,,20260912,849.0,high,0,,,0,1,0,0,0,valid,0,1
SERVICE_000457,CUST_0438,OLT_0001,PLAN_0033,STATE_0001,,,20260912,329.0,low,0,,,0,1,0,0,0,valid,0,1
SERVICE_000458,CUST_0439,OLT_0001,PLAN_0034,STATE_0001,,,20260912,9990.0,high,0,,,0,1,0,0,0,valid,0,1
SERVICE_000459,CUST_0440,OLT_0001,PLAN_0005,STATE_0001,,,20260912,599.0,medium,0,,,0,1,0,0,0,valid,0,1
SERVICE_000460,CUST_0441,OLT_0001,PLAN_0020,STATE_0001,,,20260912,999.0,high,0,,,0,1,0,0,0,valid,0,1
SERVICE_000461,CUST_0442,OLT_0001,PLAN_0033,STATE_0001,,,20260912,329.0,low,0,,,0,1,0,0,0,valid,0,1
SERVICE_000462,CUST_0443,OLT_0001,PLAN_0005,STATE_0001,,,20260912,5990.0,high,0,,,0,1,0,0,0,valid,0,1
SERVICE_000463,CUST_0444,OLT_0001,PLAN_0008,STATE_0001,,,20260912,4490.0,high,0,,,0,1,0,0,0,valid,0,1
SERVICE_000464,CUST_0445,OLT_0001,PLAN_0020,STATE_0001,,,20260912,999.0,high,0,,,0,1,0,0,0,valid,0,1
SERVICE_000465,CUST_0407,OLT_0001,PLAN_0004,STATE_0001,,,20260912,499.0,medium,0,,,0,1,0,0,0,valid,0,1
SERVICE_000466,CUST_0446,OLT_0002,PLAN_0004,STATE_0001,,,20260912,499.0,medium,0,,,0,1,0,0,0,valid,0,1
SERVICE_000467,CUST_0447,OLT_0005,PLAN_0005,STATE_0001,,,20260912,599.0,medium,0,,,0,1,0,0,0,valid,0,1
SERVICE_000468,CUST_0448,OLT_0005,PLAN_0012,STATE_0001,,,20260912,7990.0,high,0,,,0,1,0,0,0,valid,0,1
SERVICE_000469,CUST_0449,OLT_0007,PLAN_0020,STATE_0001,,,20260912,999.0,high,0,,,0,1,0,0,0,valid,0,1
SERVICE_000470,CUST_0450,OLT_0006,PLAN_0004,STATE_0001,,,20260912,499.0,medium,0,,,0,1,0,0,0,valid,0,1
SERVICE_000471,CUST_0451,OLT_0007,PLAN_0033,STATE_0001,,,20260912,329.0,low,0,,,0,1,0,0,0,valid,1,1
SERVICE_000472,CUST_0452,OLT_0007,PLAN_0008,STATE_0001,,,20260912,449.0,medium,0,,,0,1,0,0,0,valid,1,1
SERVICE_000473,CUST_0453,OLT_0010,PLAN_0012,STATE_0001,,,20260912,799.0,high,0,,,0,1,0,0,0,valid,1,1
SERVICE_000474,CUST_0454,OLT_0007,PLAN_0008,STATE_0001,,,20260912,449.0,medium,0,,,0,1,0,0,0,valid,1,1
SERVICE_000475,CUST_0455,OLT_0006,PLAN_0004,STATE_0001,,,20260912,4990.0,high,0,,,0,1,0,0,0,valid,1,1
SERVICE_000476,CUST_0456,OLT_0007,PLAN_0037,STATE_0001,,,20260912,799.0,high,0,,,0,1,0,0,0,valid,1,1
SERVICE_000477,CUST_0457,OLT_0007,PLAN_0004,STATE_0001,,,20260912,4990.0,high,0,,,0,1,0,0,0,valid,1,1
SERVICE_000478,CUST_0458,OLT_0001,PLAN_0004,STATE_0001,,,20260912,499.0,medium,0,,,0,1,0,0,0,valid,1,1
SERVICE_000479,CUST_0459,OLT_0001,PLAN_0024,STATE_0001,,,20260912,599.0,medium,0,,,0,1,0,0,0,valid,1,1
SERVICE_000480,CUST_0460,OLT_0001,PLAN_0050,STATE_0001,,,20260912,799.0,high,0,,,0,1,0,0,1,review,1,1
SERVICE_000481,CUST_0461,OLT_0001,PLAN_0012,STATE_0001,,,20260912,799.0,high,0,,,0,1,0,0,0,valid,1,1
SERVICE_000482,CUST_0462,OLT_0001,PLAN_0012,STATE_0001,,,20260912,799.0,high,0,,,0,1,0,0,0,valid,1,1
SERVICE_000483,CUST_0463,OLT_0009,PLAN_0012,STATE_0001,,,20260912,799.0,high,0,,,0,1,0,0,0,valid,1,1
SERVICE_000484,CUST_0464,OLT_0010,PLAN_0005,STATE_0001,,,20260912,5990.0,high,0,,,0,1,0,0,0,valid,1,1
SERVICE_000485,CUST_0465,OLT_0001,PLAN_0012,STATE_0001,,,20260912,7990.0,high,0,,,0,1,0,0,0,valid,1,1
SERVICE_000486,CUST_0466,OLT_0002,PLAN_0005,STATE_0001,,,20260912,5990.0,high,0,,,0,1,0,0,0,valid,1,1
SERVICE_000487,CUST_0467,OLT_0002,PLAN_0008,STATE_0001,,,20260912,4490.0,high,0,,,0,1,0,0,0,valid,1,1
SERVICE_000488,CUST_0468,OLT_0001,PLAN_0008,STATE_0001,,,20260912,449.0,medium,0,,,0,1,0,0,0,valid,1,1
SERVICE_000489,CUST_0469,OLT_0002,PLAN_0012,STATE_0001,,,20260912,799.0,high,0,,,0,1,0,0,0,valid,1,1
SERVICE_000490,CUST_0470,OLT_0001,PLAN_0005,STATE_0001,,,20260912,5990.0,high,0,,,0,1,0,0,0,valid,1,1
SERVICE_000491,CUST_0471,OLT_0006,PLAN_0005,STATE_0001,,,20260912,5990.0,high,0,,,0,1,0,0,0,valid,1,1
SERVICE_000492,CUST_0472,OLT_0001,PLAN_0004,STATE_0001,,,20260912,4990.0,high,0,,,0,1,0,0,0,valid,1,1
SERVICE_000493,CUST_0473,OLT_0006,PLAN_0005,STATE_0001,,,20260912,5990.0,high,0,,,0,1,0,0,0,valid,1,1
SERVICE_000494,CUST_0474,OLT_0005,PLAN_0039,STATE_0003,,,20260912,249.0,low,1,,,0,1,0,0,0,valid,1,1
SERVICE_000495,CUST_0475,OLT_0007,PLAN_0005,STATE_0001,,,20260912,5990.0,high,0,,,0,1,0,0,0,valid,1,1
SERVICE_000496,CUST_0476,OLT_0001,PLAN_0005,STATE_0001,,,20260912,5990.0,high,0,,,0,1,0,0,0,valid,1,1
SERVICE_000497,CUST_0477,OLT_0006,PLAN_0005,STATE_0001,,,20260912,599.0,medium,0,,,0,1,0,0,0,valid,1,1
SERVICE_000498,CUST_0478,OLT_0006,PLAN_0005,STATE_0001,,,20260912,5990.0,high,0,,,0,1,0,0,0,valid,1,1
SERVICE_000499,CUST_0479,OLT_0002,PLAN_0005,STATE_0001,,,20260912,5990.0,high,0,,,0,1,0,0,0,valid,1,1
SERVICE_000500,CUST_0480,OLT_0007,PLAN_0014,STATE_0001,,,20260912,1299.0,high,0,,,0,1,0,0,0,valid,1,1
SERVICE_000501,CUST_0481,OLT_0001,PLAN_0004,STATE_0002,,,20260912,499.0,medium,0,,,0,1,0,0,0,valid,1,1
SERVICE_000502,CUST_0482,OLT_0005,PLAN_0049,STATE_0001,,,20260912,8490.0,high,0,,,0,1,0,0,0,valid,1,1
SERVICE_000503,CUST_0483,OLT_0010,PLAN_0006,STATE_0001,,,20260912,8490.0,high,0,,,0,1,0,0,0,valid,1,1
SERVICE_000504,CUST_0484,OLT_0007,PLAN_0006,STATE_0001,,,20260912,849.0,high,0,,,0,1,0,0,0,valid,1,1
SERVICE_000505,CUST_0485,OLT_0001,PLAN_0012,STATE_0001,,,20260912,7990.0,high,0,,,0,1,0,0,0,valid,1,1
SERVICE_000506,CUST_0486,OLT_0001,PLAN_0014,STATE_0001,,,20260912,1299.0,high,0,,,0,1,0,0,0,valid,1,1
SERVICE_000507,CUST_0487,OLT_0006,PLAN_0012,STATE_0001,,,20260912,7990.0,high,0,,,0,1,0,0,0,valid,1,1
SERVICE_000508,CUST_0488,OLT_0003,PLAN_0012,STATE_0001,,,20260912,799.0,high,0,,,0,1,0,0,0,valid,1,1
SERVICE_000509,CUST_0489,OLT_0004,PLAN_0042,STATE_0001,,,20260912,5990.0,high,0,,,0,1,0,0,1,review,1,1
SERVICE_000510,CUST_0490,OLT_0001,PLAN_0005,STATE_0001,,,20260912,599.0,medium,0,,,0,1,0,0,0,valid,1,1
SERVICE_000511,CUST_0491,OLT_0001,PLAN_0051,STATE_0001,,,20260912,8490.0,high,0,,,0,1,0,0,1,review,1,1
SERVICE_000512,CUST_0492,OLT_0006,PLAN_0020,STATE_0001,,,20260912,999.0,high,0,,,0,1,0,0,0,valid,1,1
SERVICE_000513,CUST_0493,OLT_0002,PLAN_0005,STATE_0001,,,20260912,5990.0,high,0,,,0,1,0,0,0,valid,1,1
SERVICE_000514,CUST_0494,OLT_0007,PLAN_0034,STATE_0001,,,20260912,999.0,high,0,,,0,1,0,0,0,valid,1,1
SERVICE_000515,CUST_0495,OLT_0007,PLAN_0044,STATE_0001,,,20260912,3290.0,high,0,,,0,1,0,0,1,review,1,1
SERVICE_000516,CUST_0496,OLT_0007,PLAN_0012,STATE_0001,,,20260912,7990.0,high,0,,,0,1,0,0,0,valid,1,1
SERVICE_000517,CUST_0497,OLT_0007,PLAN_0050,STATE_0001,,,20260912,799.0,high,0,,,0,1,0,0,1,review,1,1
SERVICE_000518,CUST_0498,OLT_0007,PLAN_0052,STATE_0001,,,20260912,499.0,medium,0,,,0,1,0,0,0,valid,1,1
SERVICE_000519,CUST_0499,OLT_0001,PLAN_0008,STATE_0001,,,20260912,449.0,medium,0,,,0,1,0,0,0,valid,1,1
SERVICE_000520,CUST_0500,OLT_0009,PLAN_0053,STATE_0001,,,20260912,1999.0,high,0,,,0,1,0,0,0,valid,1,1
SERVICE_000521,CUST_0501,OLT_0008,PLAN_0051,STATE_0001,,,20260912,0.0,low,0,,,0,1,0,0,1,review,1,1
SERVICE_000522,CUST_0502,OLT_0006,PLAN_0021,STATE_0001,,,20260912,1499.0,high,0,,,0,1,0,0,0,valid,1,1
SERVICE_000523,CUST_0503,OLT_0001,PLAN_0004,STATE_0001,,,20260912,4990.0,high,0,,,0,1,0,0,0,valid,1,1
SERVICE_000524,CUST_0504,OLT_0001,PLAN_0013,STATE_0001,,,20260912,1299.0,high,0,,,0,1,0,0,0,valid,1,1
SERVICE_000525,CUST_0505,OLT_0001,PLAN_0034,STATE_0001,,,20260912,999.0,high,0,,,0,1,0,0,0,valid,1,1
SERVICE_000526,CUST_0506,OLT_0009,PLAN_0054,STATE_0001,,,20260912,1799.0,high,0,,,0,1,0,0,0,valid,1,1
SERVICE_000527,CUST_0507,OLT_0004,PLAN_0014,STATE_0001,,,20260912,1299.0,high,0,,,0,1,0,0,0,valid,1,1
SERVICE_000528,CUST_0508,OLT_0004,PLAN_0021,STATE_0001,,,20260912,1499.0,high,0,,,0,1,0,0,0,valid,1,1
SERVICE_000529,CUST_0509,OLT_0001,PLAN_0012,STATE_0001,,,20260912,799.0,high,0,,,0,1,0,0,0,valid,1,1
SERVICE_000530,CUST_0510,OLT_0008,PLAN_0051,STATE_0001,,,20260912,8490.0,high,0,,,0,1,0,0,1,review,1,1
SERVICE_000531,CUST_0511,OLT_0009,PLAN_0006,STATE_0001,,,20260912,849.0,high,0,,,0,1,0,0,0,valid,1,1
SERVICE_000532,CUST_0512,OLT_0001,PLAN_0005,STATE_0002,,,20260912,599.0,medium,0,,,0,1,0,0,0,valid,1,1
SERVICE_000533,CUST_0513,OLT_0001,PLAN_0033,STATE_0001,,,20260912,3290.0,high,0,,,0,1,0,0,0,valid,1,1
SERVICE_000534,CUST_0514,OLT_0002,PLAN_0006,STATE_0001,,,20260912,849.0,high,0,,,0,1,0,0,0,valid,1,1
SERVICE_000535,CUST_0515,OLT_0002,PLAN_0004,STATE_0001,,,20260912,499.0,medium,0,,,0,1,0,0,0,valid,1,1
SERVICE_000536,CUST_0516,OLT_0006,PLAN_0004,STATE_0001,,,20260912,4990.0,high,0,,,0,1,0,0,0,valid,1,1
SERVICE_000537,CUST_0517,OLT_0002,PLAN_0037,STATE_0001,,,20260912,799.0,high,0,,,0,1,0,0,0,valid,1,1
SERVICE_000538,CUST_0518,OLT_0002,PLAN_0006,STATE_0001,,,20260912,8490.0,high,0,,,0,1,0,0,0,valid,1,1
SERVICE_000539,CUST_0519,OLT_0004,PLAN_0015,STATE_0001,,,20260912,449.0,medium,0,,,0,1,0,0,0,valid,1,1
SERVICE_000540,CUST_0520,OLT_0010,PLAN_0004,STATE_0001,,,20260912,499.0,medium,0,,,0,1,0,0,0,valid,1,1
SERVICE_000541,CUST_0521,OLT_0002,PLAN_0015,STATE_0001,,,20260912,449.0,medium,0,,,0,1,0,0,0,valid,1,1
SERVICE_000542,CUST_0521,OLT_0003,PLAN_0024,STATE_0001,,,20260912,599.0,medium,0,,,0,1,0,0,0,valid,1,1
SERVICE_000543,CUST_0522,OLT_0007,PLAN_0006,STATE_0003,,,20260912,8490.0,high,1,,,0,1,0,0,0,valid,1,1
SERVICE_000544,CUST_0523,OLT_0007,PLAN_0021,STATE_0001,,,20260912,1499.0,high,0,,,0,1,0,0,0,valid,1,1
SERVICE_000545,CUST_0524,OLT_0001,PLAN_0055,STATE_0001,,,20260912,1329.0,high,0,,,0,1,0,0,0,valid,1,1
SERVICE_000546,CUST_0525,OLT_0005,PLAN_0004,STATE_0001,,,20260912,4990.0,high,0,,,0,1,0,0,0,valid,1,1
SERVICE_000547,CUST_0526,OLT_0001,PLAN_0012,STATE_0002,,,20260912,799.0,high,0,,,0,1,0,0,0,valid,1,1
SERVICE_000548,CUST_0527,OLT_0010,PLAN_0005,STATE_0001,,,20260912,5990.0,high,0,,,0,1,0,0,0,valid,1,1
SERVICE_000549,CUST_0528,OLT_0005,PLAN_0005,STATE_0001,,,20260912,5990.0,high,0,,,0,1,0,0,0,valid,1,1
SERVICE_000550,CUST_0529,OLT_0007,PLAN_0020,STATE_0001,,,20260912,999.0,high,0,,,0,1,0,0,0,valid,1,1
SERVICE_000551,CUST_0530,OLT_0006,PLAN_0020,STATE_0001,,,20260912,999.0,high,0,,,0,1,0,0,0,valid,1,1
SERVICE_000552,CUST_0531,OLT_0002,PLAN_0005,STATE_0001,,,20260912,599.0,medium,0,,,0,1,0,0,0,valid,1,1
SERVICE_000553,CUST_0532,OLT_0001,PLAN_0004,STATE_0001,,,20260912,4990.0,high,0,,,0,1,0,0,0,valid,1,1
SERVICE_000554,CUST_0533,OLT_0009,PLAN_0020,STATE_0001,,,20260912,999.0,high,0,,,0,1,0,0,0,valid,1,1
SERVICE_000555,CUST_0534,OLT_0001,PLAN_0005,STATE_0001,,,20260912,5990.0,high,0,,,0,1,0,0,0,valid,1,1
SERVICE_000556,CUST_0535,OLT_0001,PLAN_0008,STATE_0001,,,20260912,4490.0,high,0,,,0,1,0,0,0,valid,1,1
SERVICE_000557,CUST_0536,OLT_0001,PLAN_0014,STATE_0001,,,20260912,12990.0,high,0,,,0,1,0,0,0,valid,1,1
SERVICE_000558,CUST_0537,OLT_0001,PLAN_0008,STATE_0001,,,20260912,4490.0,high,0,,,0,1,0,0,0,valid,1,1
SERVICE_000559,CUST_0538,OLT_0001,PLAN_0007,STATE_0001,,,20260912,299.0,low,0,,,0,1,0,0,0,valid,1,1
SERVICE_000560,CUST_0539,OLT_0001,PLAN_0036,STATE_0001,,,20260912,399.0,low,0,,,0,1,0,0,0,valid,1,1
SERVICE_000561,CUST_0540,OLT_0009,PLAN_0006,STATE_0001,,,20260912,8490.0,high,0,,,0,1,0,0,0,valid,1,1
SERVICE_000562,CUST_0541,OLT_0001,PLAN_0012,STATE_0001,,,20260912,799.0,high,0,,,0,1,0,0,0,valid,1,1
SERVICE_000563,CUST_0542,OLT_0001,PLAN_0008,STATE_0001,,,20260912,4490.0,high,0,,,0,1,0,0,0,valid,1,1
SERVICE_000564,CUST_0543,OLT_0001,PLAN_0020,STATE_0001,,,20260912,999.0,high,0,,,0,1,0,0,0,valid,1,1
SERVICE_000565,CUST_0544,OLT_0005,PLAN_0005,STATE_0001,,,20260912,5990.0,high,0,,,0,1,0,0,0,valid,1,1
SERVICE_000566,CUST_0545,OLT_0001,PLAN_0008,STATE_0001,,,20260912,4490.0,high,0,,,0,1,0,0,0,valid,1,1
SERVICE_000567,CUST_0546,OLT_0002,PLAN_0008,STATE_0001,,,20260912,449.0,medium,0,,,0,1,0,0,0,valid,1,1
SERVICE_000568,CUST_0547,OLT_0002,PLAN_0004,STATE_0001,,,20260912,499.0,medium,0,,,0,1,0,0,0,valid,1,1
SERVICE_000569,CUST_0548,OLT_0001,PLAN_0020,STATE_0001,,,20260912,999.0,high,0,,,0,1,0,0,0,valid,1,1
SERVICE_000570,CUST_0549,OLT_0001,PLAN_0012,STATE_0001,,,20260912,799.0,high,0,,,0,1,0,0,0,valid,1,1
SERVICE_000571,CUST_0550,OLT_0009,PLAN_0004,STATE_0001,,,20260912,499.0,medium,0,,,0,1,0,0,0,valid,1,1
SERVICE_000572,CUST_0551,OLT_0001,PLAN_0036,STATE_0001,,,20260912,399.0,low,0,,,0,1,0,0,0,valid,1,1
SERVICE_000573,CUST_0552,OLT_0005,PLAN_0042,STATE_0001,,,20260912,599.0,medium,0,,,0,1,0,0,1,review,1,1
SERVICE_000574,CUST_0553,OLT_0005,PLAN_0004,STATE_0001,,,20260912,499.0,medium,0,,,0,1,0,0,0,valid,1,1
SERVICE_000575,CUST_0554,OLT_0002,PLAN_0005,STATE_0001,,,20260912,5990.0,high,0,,,0,1,0,0,0,valid,1,1
SERVICE_000576,CUST_0555,OLT_0002,PLAN_0005,STATE_0001,,,20260912,599.0,medium,0,,,0,1,0,0,0,valid,1,1
SERVICE_000577,CUST_0556,OLT_0002,PLAN_0004,STATE_0002,,,20260912,499.0,medium,0,,,0,1,0,0,0,valid,1,1
SERVICE_000578,CUST_0557,OLT_0001,PLAN_0004,STATE_0001,,,20260912,499.0,medium,0,,,0,1,0,0,0,valid,1,1
SERVICE_000579,CUST_0558,OLT_0001,PLAN_0007,STATE_0001,,,20260912,2990.0,high,0,,,0,1,0,0,0,valid,1,1
SERVICE_000580,CUST_0559,OLT_0001,PLAN_0004,STATE_0001,,,20260912,4990.0,high,0,,,0,1,0,0,0,valid,1,1
SERVICE_000581,CUST_0560,OLT_0001,PLAN_0033,STATE_0001,,,20260912,3290.0,high,0,,,0,1,0,0,0,valid,1,1
SERVICE_000582,CUST_0561,OLT_0001,PLAN_0018,STATE_0001,,,20260912,999.0,high,0,,,0,1,0,0,0,valid,1,1
SERVICE_000583,CUST_0562,OLT_0001,PLAN_0007,STATE_0001,,,20260912,2990.0,high,0,,,0,1,0,0,0,valid,1,1
SERVICE_000584,CUST_0563,OLT_0002,PLAN_0008,STATE_0001,,,20260912,4490.0,high,0,,,0,1,0,0,0,valid,1,1
SERVICE_000585,CUST_0564,OLT_0001,PLAN_0037,STATE_0001,,,20260912,7990.0,high,0,,,0,1,0,0,0,valid,1,1
SERVICE_000586,CUST_0565,OLT_0002,PLAN_0020,STATE_0001,,,20260912,999.0,high,0,,,0,1,0,0,0,valid,1,1
SERVICE_000587,CUST_0566,OLT_0005,PLAN_0034,STATE_0001,,,20260912,999.0,high,0,,,0,1,0,0,0,valid,1,1
SERVICE_000588,CUST_0567,OLT_0005,PLAN_0029,STATE_0003,,,20260912,699.0,medium,1,,,0,1,0,0,0,valid,1,1
SERVICE_000589,CUST_0568,OLT_0005,PLAN_0005,STATE_0001,,,20260912,599.0,medium,0,,,0,1,0,0,0,valid,1,1
SERVICE_000590,CUST_0569,OLT_0005,PLAN_0012,STATE_0001,,,20260912,7990.0,high,0,,,0,1,0,0,0,valid,1,1
SERVICE_000591,CUST_0570,OLT_0007,PLAN_0004,STATE_0001,,,20260912,4990.0,high,0,,,0,1,0,0,0,valid,1,1
SERVICE_000592,CUST_0571,OLT_0007,PLAN_0008,STATE_0001,,,20260912,4490.0,high,0,,,0,1,0,0,0,valid,1,1
SERVICE_000593,CUST_0572,OLT_0007,PLAN_0034,STATE_0001,,,20260912,9990.0,high,0,,,0,1,0,0,0,valid,1,1
SERVICE_000594,CUST_0573,OLT_0002,PLAN_0004,STATE_0001,,,20260912,4990.0,high,0,,,0,1,0,0,0,valid,1,1
SERVICE_000595,CUST_0574,OLT_0007,PLAN_0012,STATE_0001,,,20260912,799.0,high,0,,,0,1,0,0,0,valid,1,1
SERVICE_000596,CUST_0575,OLT_0007,PLAN_0004,STATE_0001,,,20260912,499.0,medium,0,,,0,1,0,0,0,valid,1,1
SERVICE_000597,CUST_0576,OLT_0007,PLAN_0007,STATE_0001,,,20260912,299.0,low,0,,,0,1,0,0,0,valid,1,1
SERVICE_000598,CUST_0577,OLT_0007,PLAN_0012,STATE_0001,,,20260912,799.0,high,0,,,0,1,0,0,0,valid,1,1
SERVICE_000599,CUST_0578,OLT_0007,PLAN_0007,STATE_0001,,,20260912,299.0,low,0,,,0,1,0,0,0,valid,1,1
SERVICE_000600,CUST_0579,OLT_0006,PLAN_0005,STATE_0001,,,20260912,5990.0,high,0,,,0,1,0,0,0,valid,1,1
SERVICE_000601,CUST_0580,OLT_0007,PLAN_0020,STATE_0002,,,20260912,999.0,high,0,,,0,1,0,0,0,valid,1,1
SERVICE_000602,CUST_0581,OLT_0007,PLAN_0021,STATE_0001,,,20260912,1499.0,high,0,,,0,1,0,0,0,valid,1,1
SERVICE_000603,CUST_0582,OLT_0006,PLAN_0004,STATE_0001,,,20260912,4990.0,high,0,,,0,1,0,0,0,valid,1,1
SERVICE_000604,CUST_0583,OLT_0005,PLAN_0042,STATE_0001,,,20260912,0.0,low,0,,,0,1,0,0,1,review,1,1
SERVICE_000605,CUST_0584,OLT_0002,PLAN_0005,STATE_0001,,,20260912,599.0,medium,0,,,0,1,0,0,0,valid,1,1
SERVICE_000606,CUST_0585,OLT_0006,PLAN_0037,STATE_0001,,,20260912,799.0,high,0,,,0,1,0,0,0,valid,1,1
SERVICE_000607,CUST_0586,OLT_0005,PLAN_0006,STATE_0001,,,20260912,8490.0,high,0,,,0,1,0,0,0,valid,1,1
SERVICE_000608,CUST_0587,OLT_0001,PLAN_0012,STATE_0001,,,20260912,799.0,high,0,,,0,1,0,0,0,valid,1,1
SERVICE_000609,CUST_0588,OLT_0001,PLAN_0005,STATE_0001,,,20260912,5990.0,high,0,,,0,1,0,0,0,valid,1,1
SERVICE_000610,CUST_0589,OLT_0005,PLAN_0020,STATE_0001,,,20260912,999.0,high,0,,,0,1,0,0,0,valid,1,1
SERVICE_000611,CUST_0590,OLT_0005,PLAN_0005,STATE_0001,,,20260912,599.0,medium,0,,,0,1,0,0,0,valid,1,1
SERVICE_000612,CUST_0591,OLT_0002,PLAN_0012,STATE_0001,,,20260912,799.0,high,0,,,0,1,0,0,0,valid,1,1
SERVICE_000613,CUST_0592,OLT_0002,PLAN_0012,STATE_0001,,,20260912,799.0,high,0,,,0,1,0,0,0,valid,1,1
SERVICE_000614,CUST_0593,OLT_0007,PLAN_0056,STATE_0001,,,20260912,19990.0,high,0,,,0,1,0,0,1,review,1,1
SERVICE_000615,CUST_0594,OLT_0001,PLAN_0005,STATE_0001,,,20260912,5990.0,high,0,,,0,1,0,0,0,valid,1,1
SERVICE_000616,CUST_0595,OLT_0001,PLAN_0012,STATE_0001,,,20260912,7990.0,high,0,,,0,1,0,0,0,valid,1,1
SERVICE_000617,CUST_0596,OLT_0001,PLAN_0012,STATE_0001,,,20260912,799.0,high,0,,,0,1,0,0,0,valid,1,1
SERVICE_000618,CUST_0597,OLT_0007,PLAN_0004,STATE_0001,,,20260912,4990.0,high,0,,,0,1,0,0,0,valid,1,1
SERVICE_000619,CUST_0598,OLT_0010,PLAN_0015,STATE_0001,,,20260912,449.0,medium,0,,,0,1,0,0,0,valid,1,1
SERVICE_000620,CUST_0599,OLT_0001,PLAN_0014,STATE_0001,,,20260912,1299.0,high,0,,,0,1,0,0,0,valid,1,1
SERVICE_000621,CUST_0600,OLT_0001,PLAN_0005,STATE_0001,,,20260912,599.0,medium,0,,,0,1,0,0,0,valid,1,1
SERVICE_000622,CUST_0601,OLT_0010,PLAN_0005,STATE_0001,,,20260912,599.0,medium,0,,,0,1,0,0,0,valid,1,1
SERVICE_000623,CUST_0602,OLT_0003,PLAN_0020,STATE_0001,,,20260912,999.0,high,0,,,0,1,0,0,0,valid,1,1
SERVICE_000624,CUST_0603,OLT_0006,PLAN_0014,STATE_0001,,,20260912,1299.0,high,0,,,0,1,0,0,0,valid,1,1
SERVICE_000625,CUST_0604,OLT_0001,PLAN_0012,STATE_0001,,,20260912,19990.0,high,0,,,0,1,0,0,0,valid,1,1
SERVICE_000626,CUST_0605,OLT_0004,PLAN_0057,STATE_0001,,,20260912,1799.0,high,0,,,0,1,0,0,1,review,1,1
SERVICE_000627,CUST_0606,OLT_0006,PLAN_0020,STATE_0001,,,20260912,999.0,high,0,,,0,1,0,0,0,valid,1,1
SERVICE_000628,CUST_0607,OLT_0001,PLAN_0014,STATE_0003,,,20260912,1299.0,high,1,,,0,1,0,0,0,valid,1,1
SERVICE_000629,CUST_0608,OLT_0010,PLAN_0014,STATE_0001,,,20260912,1299.0,high,0,,,0,1,0,0,0,valid,1,1
SERVICE_000630,CUST_0609,OLT_0001,PLAN_0006,STATE_0001,,,20260912,8490.0,high,0,,,0,1,0,0,0,valid,1,1
SERVICE_000631,CUST_0384,OLT_0005,PLAN_0058,STATE_0001,,,20260912,5999.0,high,0,,,0,1,0,0,0,valid,1,1
SERVICE_000632,CUST_0610,OLT_0001,PLAN_0014,STATE_0001,,,20260912,1299.0,high,0,,,0,1,0,0,0,valid,1,1
SERVICE_000633,CUST_0611,OLT_0003,PLAN_0034,STATE_0001,,,20260912,999.0,high,0,,,0,1,0,0,0,valid,1,1
SERVICE_000634,CUST_0612,OLT_0012,PLAN_0005,STATE_0001,,,20260912,5990.0,high,0,,,0,1,0,0,0,valid,1,1
SERVICE_000635,CUST_0613,OLT_0005,PLAN_0020,STATE_0001,,,20260912,999.0,high,0,,,0,1,0,0,0,valid,1,1
SERVICE_000636,CUST_0614,OLT_0006,PLAN_0004,STATE_0001,,,20260912,499.0,medium,0,,,0,1,0,0,0,valid,1,1
SERVICE_000637,CUST_0615,OLT_0007,PLAN_0005,STATE_0001,,,20260912,5990.0,high,0,,,0,1,0,0,0,valid,1,1
SERVICE_000638,CUST_0616,OLT_0001,PLAN_0012,STATE_0001,,,20260912,7990.0,high,0,,,0,1,0,0,0,valid,1,1
SERVICE_000639,CUST_0617,OLT_0005,PLAN_0015,STATE_0001,,,20260912,449.0,medium,0,,,0,1,0,0,0,valid,1,1
SERVICE_000640,CUST_0394,OLT_0005,PLAN_0015,STATE_0001,,,20260912,449.0,medium,0,,,0,1,0,0,0,valid,1,1
SERVICE_000641,CUST_0521,OLT_0007,PLAN_0024,STATE_0001,,,20260912,599.0,medium,0,,,0,1,0,0,0,valid,1,1
SERVICE_000642,CUST_0598,OLT_0010,PLAN_0015,STATE_0001,,,20260912,449.0,medium,0,,,0,1,0,0,0,valid,1,1
SERVICE_000643,CUST_0618,OLT_0006,PLAN_0014,STATE_0001,,,20260912,1299.0,high,0,,,0,1,0,0,0,valid,1,1
SERVICE_000644,CUST_0619,OLT_0001,PLAN_0020,STATE_0001,,,20260912,999.0,high,0,,,0,1,0,0,0,valid,1,1
SERVICE_000645,CUST_0521,OLT_0006,PLAN_0015,STATE_0001,,,20260912,449.0,medium,0,,,0,1,0,0,0,valid,1,1
SERVICE_000646,CUST_0521,OLT_0005,PLAN_0015,STATE_0001,,,20260912,449.0,medium,0,,,0,1,0,0,0,valid,1,1
SERVICE_000647,CUST_0521,OLT_0005,PLAN_0015,STATE_0001,,,20260912,449.0,medium,0,,,0,1,0,0,0,valid,1,1
SERVICE_000648,CUST_0620,OLT_0009,PLAN_0043,STATE_0001,,,20260912,799.0,high,0,,,0,1,0,0,0,valid,1,1
SERVICE_000649,CUST_0621,OLT_0001,PLAN_0059,STATE_0001,,,20260912,699.0,medium,0,,,0,1,0,0,0,valid,1,1
SERVICE_000650,CUST_0622,OLT_0001,PLAN_0005,STATE_0001,,,20260912,9990.0,high,0,,,0,1,0,0,0,valid,1,1
SERVICE_000651,CUST_0623,OLT_0001,PLAN_0012,STATE_0001,,,20260912,799.0,high,0,,,0,1,0,0,0,valid,1,1
SERVICE_000652,CUST_0624,OLT_0002,PLAN_0010,STATE_0001,,,20260912,3990.0,high,0,,,0,1,0,0,0,valid,1,1
SERVICE_000653,CUST_0625,OLT_0002,PLAN_0005,STATE_0001,,,20260912,599.0,medium,0,,,0,1,0,0,0,valid,1,1
SERVICE_000654,CUST_0626,OLT_0006,PLAN_0020,STATE_0001,,,20260912,999.0,high,0,,,0,1,0,0,0,valid,1,1
SERVICE_000655,CUST_0627,OLT_0002,PLAN_0060,STATE_0001,,,20260912,499.0,medium,0,,,0,1,0,0,0,valid,1,1
SERVICE_000656,CUST_0628,OLT_0001,PLAN_0005,STATE_0001,,,20260912,599.0,medium,0,,,0,1,0,0,0,valid,1,1
SERVICE_000657,CUST_0629,OLT_0002,PLAN_0005,STATE_0001,,,20260912,5990.0,high,0,,,0,1,0,0,0,valid,1,1
SERVICE_000658,CUST_0630,OLT_0001,PLAN_0008,STATE_0001,,,20260912,449.0,medium,0,,,0,1,0,0,0,valid,1,1
SERVICE_000659,CUST_0564,OLT_0001,PLAN_0037,STATE_0001,,,20260912,7990.0,high,0,,,0,1,0,0,0,valid,1,1
SERVICE_000660,CUST_0631,OLT_0002,PLAN_0020,STATE_0001,,,20260912,999.0,high,0,,,0,1,0,0,0,valid,1,1
SERVICE_000661,CUST_0632,OLT_0001,PLAN_0008,STATE_0001,,,20260912,4490.0,high,0,,,0,1,0,0,0,valid,1,1
SERVICE_000662,CUST_0633,OLT_0004,PLAN_0024,STATE_0001,,,20260912,599.0,medium,0,,,0,1,0,0,0,valid,1,1
SERVICE_000663,CUST_0634,OLT_0001,PLAN_0061,STATE_0001,,,20260912,799.0,high,0,,,0,1,0,0,0,valid,1,1
SERVICE_000664,CUST_0409,OLT_0001,PLAN_0008,STATE_0001,,,20260912,449.0,medium,0,,,0,1,0,0,0,valid,1,1
SERVICE_000665,CUST_0635,OLT_0001,PLAN_0007,STATE_0001,,,20260912,299.0,low,0,,,0,1,0,0,0,valid,1,1
SERVICE_000666,CUST_0636,OLT_0001,PLAN_0008,STATE_0001,,,20260912,4490.0,high,0,,,0,1,0,0,0,valid,1,1
SERVICE_000667,CUST_0637,OLT_0001,PLAN_0036,STATE_0001,,,20260912,399.0,low,0,,,0,1,0,0,0,valid,1,1
SERVICE_000668,CUST_0638,OLT_0009,PLAN_0033,STATE_0001,,,20260912,3290.0,high,0,,,0,1,0,0,0,valid,1,1
SERVICE_000669,CUST_0639,OLT_0003,PLAN_0002,STATE_0001,,,20260912,199.0,low,0,,,0,1,0,0,0,valid,1,1
SERVICE_000670,CUST_0640,OLT_0001,PLAN_0047,STATE_0001,,,20260912,4490.0,high,0,,,0,1,0,0,1,review,1,1
SERVICE_000671,CUST_0641,OLT_0005,PLAN_0008,STATE_0001,,,20260912,4490.0,high,0,,,0,1,0,0,0,valid,1,1
SERVICE_000672,CUST_0642,OLT_0001,PLAN_0005,STATE_0002,,,20260912,599.0,medium,0,,,0,1,0,0,0,valid,1,1
SERVICE_000673,CUST_0643,OLT_0001,PLAN_0012,STATE_0001,,,20260912,799.0,high,0,,,0,1,0,0,0,valid,1,1
SERVICE_000674,CUST_0644,OLT_0001,PLAN_0005,STATE_0001,,,20260912,5990.0,high,0,,,0,1,0,0,0,valid,1,1
SERVICE_000675,CUST_0645,OLT_0002,PLAN_0012,STATE_0001,,,20260912,799.0,high,0,,,0,1,0,0,0,valid,1,1
SERVICE_000676,CUST_0646,OLT_0003,PLAN_0033,STATE_0001,,,20260912,3290.0,high,0,,,0,1,0,0,0,valid,1,1
SERVICE_000677,CUST_0647,OLT_0005,PLAN_0004,STATE_0001,,,20260912,499.0,medium,0,,,0,1,0,0,0,valid,1,1
SERVICE_000678,CUST_0648,OLT_0006,PLAN_0005,STATE_0001,,,20260912,599.0,medium,0,,,0,1,0,0,0,valid,1,1
SERVICE_000679,CUST_0649,OLT_0001,PLAN_0004,STATE_0001,,,20260912,499.0,medium,0,,,0,1,0,0,0,valid,1,1
SERVICE_000680,CUST_0650,OLT_0001,PLAN_0004,STATE_0001,,,20260912,499.0,medium,0,,,0,1,0,0,0,valid,1,1
SERVICE_000681,CUST_0173,OLT_0009,PLAN_0008,STATE_0001,,,20260912,449.0,medium,0,,,0,1,0,0,0,valid,1,1
SERVICE_000682,CUST_0651,OLT_0001,PLAN_0009,STATE_0001,,,20260912,999.0,high,0,,,0,1,0,0,0,valid,1,1
SERVICE_000683,CUST_0652,OLT_0001,PLAN_0005,STATE_0001,,,20260912,5990.0,high,0,,,0,1,0,0,0,valid,1,1
SERVICE_000684,CUST_0653,OLT_0001,PLAN_0005,STATE_0001,,,20260912,599.0,medium,0,,,0,1,0,0,0,valid,1,1
SERVICE_000685,CUST_0175,OLT_0001,PLAN_0008,STATE_0001,,,20260912,4490.0,high,0,,,0,1,0,0,0,valid,1,1
SERVICE_000686,CUST_0654,OLT_0002,PLAN_0004,STATE_0001,,,20260912,4990.0,high,0,,,0,1,0,0,0,valid,1,1
SERVICE_000687,CUST_0655,OLT_0001,PLAN_0020,STATE_0001,,,20260912,999.0,high,0,,,0,1,0,0,0,valid,1,1
SERVICE_000688,CUST_0656,OLT_0001,PLAN_0004,STATE_0001,,,20260912,4990.0,high,0,,,0,1,0,0,0,valid,1,1
SERVICE_000689,CUST_0657,OLT_0001,PLAN_0005,STATE_0001,,,20260912,5990.0,high,0,,,0,1,0,0,0,valid,1,1
SERVICE_000690,CUST_0658,OLT_0001,PLAN_0004,STATE_0001,,,20260912,4990.0,high,0,,,0,1,0,0,0,valid,1,1
SERVICE_000691,CUST_0470,OLT_0007,PLAN_0008,STATE_0001,,,20260912,4490.0,high,0,,,0,1,0,0,0,valid,1,1
SERVICE_000692,CUST_0659,OLT_0001,PLAN_0012,STATE_0001,,,20260912,799.0,high,0,,,0,1,0,0,0,valid,1,1
SERVICE_000693,CUST_0405,OLT_0002,PLAN_0020,STATE_0001,,,20260912,999.0,high,0,,,0,1,0,0,0,valid,1,1
SERVICE_000694,CUST_0660,OLT_0001,PLAN_0033,STATE_0001,,,20260912,329.0,low,0,,,0,1,0,0,0,valid,1,1
SERVICE_000695,CUST_0661,OLT_0001,PLAN_0005,STATE_0001,,,20260912,5990.0,high,0,,,0,1,0,0,0,valid,1,1
SERVICE_000696,CUST_0662,OLT_0002,PLAN_0004,STATE_0001,,,20260912,4990.0,high,0,,,0,1,0,0,0,valid,1,1
SERVICE_000697,CUST_0663,OLT_0002,PLAN_0008,STATE_0001,,,20260912,4490.0,high,0,,,0,1,0,0,0,valid,1,1
SERVICE_000698,CUST_0664,OLT_0002,PLAN_0007,STATE_0001,,,20260912,2990.0,high,0,,,0,1,0,0,0,valid,1,1
SERVICE_000699,CUST_0665,OLT_0005,PLAN_0005,STATE_0001,,,20260912,599.0,medium,0,,,0,1,0,0,0,valid,1,1
SERVICE_000700,CUST_0666,OLT_0005,PLAN_0033,STATE_0001,,,20260912,3290.0,high,0,,,0,1,0,0,0,valid,1,1
SERVICE_000701,CUST_0667,OLT_0006,PLAN_0008,STATE_0003,,,20260912,4490.0,high,1,,,0,1,0,0,0,valid,1,1
SERVICE_000702,CUST_0668,OLT_0007,PLAN_0033,STATE_0001,,,20260912,3290.0,high,0,,,0,1,0,0,0,valid,1,1
SERVICE_000703,CUST_0669,OLT_0007,PLAN_0046,STATE_0001,,,20260912,1799.0,high,0,,,0,1,0,0,0,valid,1,1
SERVICE_000704,CUST_0670,OLT_0007,PLAN_0034,STATE_0002,,,20260912,9990.0,high,0,,,0,1,0,0,0,valid,1,1
SERVICE_000705,CUST_0671,OLT_0007,PLAN_0033,STATE_0001,,,20260912,3290.0,high,0,,,0,1,0,0,0,valid,1,1
SERVICE_000706,CUST_0672,OLT_0007,PLAN_0033,STATE_0001,,,20260912,329.0,low,0,,,0,1,0,0,0,valid,1,1
SERVICE_000707,CUST_0673,OLT_0007,PLAN_0005,STATE_0001,,,20260912,5990.0,high,0,,,0,1,0,0,0,valid,1,1
SERVICE_000708,CUST_0564,OLT_0007,PLAN_0037,STATE_0001,,,20260912,7990.0,high,0,,,0,1,0,0,0,valid,1,1
SERVICE_000709,CUST_0674,OLT_0007,PLAN_0034,STATE_0001,,,20260912,999.0,high,0,,,0,1,0,0,0,valid,1,1
SERVICE_000710,CUST_0675,OLT_0007,PLAN_0005,STATE_0001,,,20260912,5990.0,high,0,,,0,1,0,0,0,valid,1,1
SERVICE_000711,CUST_0676,OLT_0007,PLAN_0039,STATE_0001,,,20260912,249.0,low,0,,,0,1,0,0,0,valid,1,1
SERVICE_000712,CUST_0677,OLT_0010,PLAN_0033,STATE_0001,,,20260912,3290.0,high,0,,,0,1,0,0,0,valid,1,1
SERVICE_000713,CUST_0678,OLT_0001,PLAN_0042,STATE_0003,,,20260912,599.0,medium,1,,,0,1,0,0,1,review,1,1
SERVICE_000714,CUST_0679,OLT_0001,PLAN_0005,STATE_0003,,,20260912,5990.0,high,1,,,0,1,0,0,0,valid,1,1
SERVICE_000715,CUST_0680,OLT_0005,PLAN_0008,STATE_0001,,,20260912,449.0,medium,0,,,0,1,0,0,0,valid,1,1
SERVICE_000716,CUST_0681,OLT_0001,PLAN_0005,STATE_0001,,,20260912,5990.0,high,0,,,0,1,0,0,0,valid,1,1
SERVICE_000717,CUST_0682,OLT_0001,PLAN_0005,STATE_0001,,,20260912,599.0,medium,0,,,0,1,0,0,0,valid,1,1
SERVICE_000718,CUST_0683,OLT_0002,PLAN_0005,STATE_0001,,,20260912,5990.0,high,0,,,0,1,0,0,0,valid,1,1
SERVICE_000719,CUST_0684,OLT_0007,PLAN_0011,STATE_0001,,,20260912,2799.0,high,0,,,0,1,0,0,0,valid,1,1
SERVICE_000720,CUST_0685,OLT_0001,PLAN_0034,STATE_0001,,,20260912,999.0,high,0,,,0,1,0,0,0,valid,1,1
SERVICE_000721,CUST_0686,OLT_0002,PLAN_0020,STATE_0001,,,20260912,999.0,high,0,,,0,1,0,0,0,valid,1,1
SERVICE_000722,CUST_0687,OLT_0008,PLAN_0012,STATE_0001,,,20260912,799.0,high,0,,,0,1,0,0,0,valid,1,1
SERVICE_000723,CUST_0688,OLT_0006,PLAN_0005,STATE_0001,,,20260912,599.0,medium,0,,,0,1,0,0,0,valid,1,1
SERVICE_000724,CUST_0689,OLT_0006,PLAN_0008,STATE_0001,,,20260912,4490.0,high,0,,,0,1,0,0,0,valid,1,1
SERVICE_000725,CUST_0690,OLT_0001,PLAN_0042,STATE_0001,,,20260912,5990.0,high,0,,,0,1,0,0,1,review,1,1
SERVICE_000726,CUST_0691,OLT_0001,PLAN_0005,STATE_0001,,,20260912,5990.0,high,0,,,0,1,0,0,0,valid,1,1
SERVICE_000727,CUST_0692,OLT_0001,PLAN_0005,STATE_0001,,,20260912,5990.0,high,0,,,0,1,0,0,0,valid,1,1
SERVICE_000728,CUST_0693,OLT_0005,PLAN_0012,STATE_0002,,,20260912,799.0,high,0,,,0,1,0,0,0,valid,1,1
SERVICE_000729,CUST_0694,OLT_0002,PLAN_0012,STATE_0001,,,20260912,799.0,high,0,,,0,1,0,0,0,valid,1,1
SERVICE_000730,CUST_0695,OLT_0012,PLAN_0012,STATE_0001,,,20260912,799.0,high,0,,,0,1,0,0,0,valid,1,1
SERVICE_000731,CUST_0696,OLT_0002,PLAN_0005,STATE_0001,,,20260912,5990.0,high,0,,,0,1,0,0,0,valid,1,1
SERVICE_000732,CUST_0470,OLT_0001,PLAN_0005,STATE_0001,,,20260912,5990.0,high,0,,,0,1,0,0,0,valid,1,1
SERVICE_000733,CUST_0697,OLT_0001,PLAN_0020,STATE_0001,,,20260912,999.0,high,0,,,0,1,0,0,0,valid,1,1
SERVICE_000734,CUST_0698,OLT_0003,PLAN_0012,STATE_0001,,,20260912,799.0,high,0,,,0,1,0,0,0,valid,1,1
SERVICE_000735,CUST_0699,OLT_0001,PLAN_0004,STATE_0001,,,20260912,4990.0,high,0,,,0,1,0,0,0,valid,1,1
SERVICE_000736,CUST_0700,OLT_0009,PLAN_0062,STATE_0001,,,20260912,1799.0,high,0,,,0,1,0,0,0,valid,1,1
SERVICE_000737,CUST_0358,OLT_0001,PLAN_0020,STATE_0001,,,20260912,999.0,high,0,,,0,1,0,0,0,valid,1,1
SERVICE_000738,CUST_0701,OLT_0006,PLAN_0063,STATE_0003,,,20260912,499.0,medium,1,,,0,1,0,0,0,valid,1,1
SERVICE_000739,CUST_0702,OLT_0001,PLAN_0012,STATE_0001,,,20260912,799.0,high,0,,,0,1,0,0,0,valid,1,1
SERVICE_000740,CUST_0703,OLT_0007,PLAN_0005,STATE_0001,,,20260912,599.0,medium,0,,,0,1,0,0,0,valid,1,1
SERVICE_000741,CUST_0704,OLT_0001,PLAN_0021,STATE_0001,,,20260912,1499.0,high,0,,,0,1,0,0,0,valid,1,1
SERVICE_000742,CUST_0705,OLT_0007,PLAN_0050,STATE_0001,,,20260912,799.0,high,0,,,0,1,0,0,1,review,1,1
SERVICE_000743,CUST_0592,OLT_0005,PLAN_0034,STATE_0001,,,20260912,9990.0,high,0,,,0,1,0,0,0,valid,1,1
SERVICE_000744,CUST_0706,OLT_0002,PLAN_0012,STATE_0001,,,20260912,799.0,high,0,,,0,1,0,0,0,valid,1,1
SERVICE_000745,CUST_0707,OLT_0001,PLAN_0006,STATE_0001,,,20260912,8490.0,high,0,,,0,1,0,0,0,valid,1,1
SERVICE_000746,CUST_0708,OLT_0010,PLAN_0005,STATE_0001,,,20260912,5990.0,high,0,,,0,1,0,0,0,valid,1,1
SERVICE_000747,CUST_0709,OLT_0001,PLAN_0012,STATE_0001,,,20260912,799.0,high,0,,,0,1,0,0,0,valid,1,1
SERVICE_000748,CUST_0710,OLT_0010,PLAN_0006,STATE_0001,,,20260912,8490.0,high,0,,,0,1,0,0,0,valid,1,1
SERVICE_000749,CUST_0711,OLT_0007,PLAN_0044,STATE_0001,,,20260912,3290.0,high,0,,,0,1,0,0,1,review,1,1
SERVICE_000750,CUST_0712,OLT_0007,PLAN_0050,STATE_0001,,,20260912,7990.0,high,0,,,0,1,0,0,1,review,1,1
SERVICE_000751,CUST_0713,OLT_0006,PLAN_0004,STATE_0001,,,20260912,499.0,medium,0,,,0,1,0,0,0,valid,1,1
SERVICE_000752,CUST_0714,OLT_0001,PLAN_0012,STATE_0001,,,20260912,7990.0,high,0,,,0,1,0,0,0,valid,1,1
SERVICE_000753,CUST_0715,OLT_0006,PLAN_0050,STATE_0001,,,20260912,7990.0,high,0,,,0,1,0,0,1,review,1,1
SERVICE_000754,CUST_0716,OLT_0007,PLAN_0042,STATE_0001,,,20260912,5990.0,high,0,,,0,1,0,0,1,review,1,1
SERVICE_000755,CUST_0717,OLT_0006,PLAN_0006,STATE_0001,,,20260912,8490.0,high,0,,,0,1,0,0,0,valid,1,1
SERVICE_000756,CUST_0718,OLT_0002,PLAN_0006,STATE_0001,,,20260912,8490.0,high,0,,,0,1,0,0,0,valid,1,1
SERVICE_000757,CUST_0719,OLT_0009,PLAN_0012,STATE_0001,,,20260912,7990.0,high,0,,,0,1,0,0,0,valid,1,1
SERVICE_000758,CUST_0378,OLT_0005,PLAN_0020,STATE_0001,,,20260912,999.0,high,0,,,0,1,0,0,0,valid,1,1
SERVICE_000759,CUST_0720,OLT_0005,PLAN_0034,STATE_0001,,,20260912,9990.0,high,0,,,0,1,0,0,0,valid,1,1
SERVICE_000760,CUST_0721,OLT_0008,PLAN_0035,STATE_0001,,,20260912,699.0,medium,0,,,0,1,0,0,0,valid,1,1
SERVICE_000761,CUST_0722,OLT_0001,PLAN_0007,STATE_0001,,,20260912,299.0,low,0,,,0,1,0,0,0,valid,1,1
SERVICE_000762,CUST_0703,OLT_0007,PLAN_0045,STATE_0001,,,20260912,4799.0,high,0,,,0,1,0,0,0,valid,1,1
SERVICE_000763,CUST_0723,OLT_0004,PLAN_0050,STATE_0001,,,20260912,0.0,low,0,,,0,1,0,0,1,review,1,1
SERVICE_000764,CUST_0724,OLT_0001,PLAN_0004,STATE_0001,,,20260912,10990.0,high,0,,,0,1,0,0,0,valid,1,1
SERVICE_000765,CUST_0725,OLT_0003,PLAN_0005,STATE_0001,,,20260912,5990.0,high,0,,,0,1,0,0,0,valid,1,1
SERVICE_000766,CUST_0726,OLT_0007,PLAN_0004,STATE_0001,,,20260912,4990.0,high,0,,,0,1,0,0,0,valid,1,1
SERVICE_000767,CUST_0727,OLT_0001,PLAN_0006,STATE_0001,,,20260912,8490.0,high,0,,,0,1,0,0,0,valid,1,1
SERVICE_000768,CUST_0728,OLT_0009,PLAN_0014,STATE_0001,,,20260912,1299.0,high,0,,,0,1,0,0,0,valid,1,1
SERVICE_000769,CUST_0729,OLT_0001,PLAN_0020,STATE_0001,,,20260912,999.0,high,0,,,0,1,0,0,0,valid,1,1
SERVICE_000770,CUST_0730,OLT_0001,PLAN_0034,STATE_0001,,,20260912,999.0,high,0,,,0,1,0,0,0,valid,1,1
SERVICE_000771,CUST_0731,OLT_0002,PLAN_0010,STATE_0001,,,20260912,399.0,low,0,,,0,1,0,0,0,valid,1,1
SERVICE_000772,CUST_0732,OLT_0002,PLAN_0005,STATE_0001,,,20260912,5990.0,high,0,,,0,1,0,0,0,valid,1,1
SERVICE_000773,CUST_0733,OLT_0002,PLAN_0037,STATE_0002,,,20260912,799.0,high,0,,,0,1,0,0,0,valid,1,1
SERVICE_000774,CUST_0734,OLT_0001,PLAN_0006,STATE_0001,,,20260912,849.0,high,0,,,0,1,0,0,0,valid,1,1
SERVICE_000775,CUST_0735,OLT_0005,PLAN_0024,STATE_0001,,,20260912,599.0,medium,0,,,0,1,0,0,0,valid,1,1
SERVICE_000776,CUST_0735,OLT_0002,PLAN_0015,STATE_0001,,,20260912,449.0,medium,0,,,0,1,0,0,0,valid,1,1
SERVICE_000777,CUST_0736,OLT_0001,PLAN_0005,STATE_0001,,,20260912,599.0,medium,0,,,0,1,0,0,0,valid,1,1
SERVICE_000778,CUST_0737,OLT_0006,PLAN_0033,STATE_0001,,,20260912,3290.0,high,0,,,0,1,0,0,0,valid,1,1
SERVICE_000779,CUST_0738,OLT_0001,PLAN_0008,STATE_0001,,,20260912,4490.0,high,0,,,0,1,0,0,0,valid,1,1
SERVICE_000780,CUST_0739,OLT_0006,PLAN_0005,STATE_0001,,,20260912,599.0,medium,0,,,0,1,0,0,0,valid,1,1
SERVICE_000781,CUST_0740,OLT_0002,PLAN_0005,STATE_0001,,,20260912,5990.0,high,0,,,0,1,0,0,0,valid,1,1
SERVICE_000782,CUST_0741,OLT_0006,PLAN_0033,STATE_0001,,,20260912,3290.0,high,0,,,0,1,0,0,0,valid,1,1
SERVICE_000783,CUST_0742,OLT_0002,PLAN_0033,STATE_0001,,,20260912,3290.0,high,0,,,0,1,0,0,0,valid,1,1
SERVICE_000784,CUST_0743,OLT_0009,PLAN_0034,STATE_0001,,,20260912,999.0,high,0,,,0,1,0,0,0,valid,1,1
SERVICE_000785,CUST_0744,OLT_0003,PLAN_0004,STATE_0001,,,20260912,499.0,medium,0,,,0,1,0,0,0,valid,1,1
SERVICE_000786,CUST_0745,OLT_0001,PLAN_0007,STATE_0001,,,20260912,299.0,low,0,,,0,1,0,0,0,valid,1,1
SERVICE_000787,CUST_0746,OLT_0005,PLAN_0012,STATE_0001,,,20260912,799.0,high,0,,,0,1,0,0,0,valid,1,1
SERVICE_000788,CUST_0747,OLT_0001,PLAN_0014,STATE_0001,,,20260912,12990.0,high,0,,,0,1,0,0,0,valid,1,1
SERVICE_000789,CUST_0748,OLT_0001,PLAN_0033,STATE_0001,,,20260912,3290.0,high,0,,,0,1,0,0,0,valid,1,1
SERVICE_000790,CUST_0749,OLT_0006,PLAN_0005,STATE_0001,,,20260912,5990.0,high,0,,,0,1,0,0,0,valid,1,1
SERVICE_000791,CUST_0750,OLT_0001,PLAN_0020,STATE_0001,,,20260912,999.0,high,0,,,0,1,0,0,0,valid,1,1
SERVICE_000792,CUST_0751,OLT_0001,PLAN_0033,STATE_0001,,,20260912,3290.0,high,0,,,0,1,0,0,0,valid,1,1
SERVICE_000793,CUST_0751,OLT_0001,PLAN_0033,STATE_0001,,,20260912,3290.0,high,0,,,0,1,0,0,0,valid,1,1
SERVICE_000794,CUST_0752,OLT_0001,PLAN_0033,STATE_0001,,,20260912,329.0,low,0,,,0,1,0,0,0,valid,1,1
SERVICE_000795,CUST_0753,OLT_0001,PLAN_0033,STATE_0001,,,20260912,3290.0,high,0,,,0,1,0,0,0,valid,1,1
SERVICE_000796,CUST_0754,OLT_0001,PLAN_0005,STATE_0001,,,20260912,5990.0,high,0,,,0,1,0,0,0,valid,1,1
SERVICE_000797,CUST_0755,OLT_0001,PLAN_0005,STATE_0001,,,20260912,599.0,medium,0,,,0,1,0,0,0,valid,1,1
SERVICE_000798,CUST_0756,OLT_0001,PLAN_0033,STATE_0001,,,20260912,329.0,low,0,,,0,1,0,0,0,valid,1,1
SERVICE_000799,CUST_0757,OLT_0001,PLAN_0033,STATE_0001,,,20260912,3290.0,high,0,,,0,1,0,0,0,valid,1,1
SERVICE_000800,CUST_0758,OLT_0005,PLAN_0008,STATE_0001,,,20260912,449.0,medium,0,,,0,1,0,0,0,valid,1,1
SERVICE_000801,CUST_0759,OLT_0002,PLAN_0004,STATE_0001,,,20260912,499.0,medium,0,,,0,1,0,0,0,valid,1,1
SERVICE_000802,CUST_0760,OLT_0002,PLAN_0008,STATE_0001,,,20260912,4490.0,high,0,,,0,1,0,0,0,valid,1,1
SERVICE_000803,CUST_0761,OLT_0001,PLAN_0033,STATE_0001,,,20260912,329.0,low,0,,,0,1,0,0,0,valid,1,1
SERVICE_000804,CUST_0762,OLT_0002,PLAN_0008,STATE_0001,,,20260912,449.0,medium,0,,,0,1,0,0,0,valid,1,1
SERVICE_000805,CUST_0763,OLT_0005,PLAN_0037,STATE_0002,,,20260912,7990.0,high,0,,,0,1,0,0,0,valid,1,1
SERVICE_000806,CUST_0764,OLT_0001,PLAN_0007,STATE_0002,,,20260912,299.0,low,0,,,0,1,0,0,0,valid,1,1
SERVICE_000807,CUST_0765,OLT_0001,PLAN_0004,STATE_0001,,,20260912,4990.0,high,0,,,0,1,0,0,0,valid,1,1
SERVICE_000808,CUST_0766,OLT_0001,PLAN_0005,STATE_0001,,,20260912,599.0,medium,0,,,0,1,0,0,0,valid,1,1
SERVICE_000809,CUST_0767,OLT_0001,PLAN_0037,STATE_0001,,,20260912,799.0,high,0,,,0,1,0,0,0,valid,1,1
SERVICE_000810,CUST_0768,OLT_0001,PLAN_0004,STATE_0001,,,20260912,499.0,medium,0,,,0,1,0,0,0,valid,1,1
SERVICE_000811,CUST_0769,OLT_0005,PLAN_0005,STATE_0001,,,20260912,599.0,medium,0,,,0,1,0,0,0,valid,1,1
SERVICE_000812,CUST_0770,OLT_0005,PLAN_0046,STATE_0001,,,20260912,17990.0,high,0,,,0,1,0,0,0,valid,1,1
SERVICE_000813,CUST_0771,OLT_0001,PLAN_0033,STATE_0001,,,20260912,329.0,low,0,,,0,1,0,0,0,valid,1,1
SERVICE_000814,CUST_0705,OLT_0001,PLAN_0011,STATE_0001,,,20260912,2799.0,high,0,,,0,1,0,0,0,valid,1,1
SERVICE_000815,CUST_0772,OLT_0001,PLAN_0033,STATE_0001,,,20260912,3290.0,high,0,,,0,1,0,0,0,valid,1,1
SERVICE_000816,CUST_0773,OLT_0001,PLAN_0005,STATE_0001,,,20260912,599.0,medium,0,,,0,1,0,0,0,valid,1,1
SERVICE_000817,CUST_0774,OLT_0001,PLAN_0012,STATE_0001,,,20260912,799.0,high,0,,,0,1,0,0,0,valid,1,1
SERVICE_000818,CUST_0433,OLT_0001,PLAN_0007,STATE_0001,,,20260912,299.0,low,0,,,0,1,0,0,0,valid,1,1
SERVICE_000819,CUST_0775,OLT_0001,PLAN_0005,STATE_0001,,,20260912,599.0,medium,0,,,0,1,0,0,0,valid,1,1
SERVICE_000820,CUST_0776,OLT_0001,PLAN_0064,STATE_0001,,,20260912,27990.0,high,0,,,0,1,0,0,0,valid,1,1
SERVICE_000821,CUST_0777,OLT_0005,PLAN_0008,STATE_0001,,,20260912,4490.0,high,0,,,0,1,0,0,0,valid,1,1
SERVICE_000822,CUST_0778,OLT_0001,PLAN_0033,STATE_0001,,,20260912,329.0,low,0,,,0,1,0,0,0,valid,1,1
SERVICE_000823,CUST_0779,OLT_0001,PLAN_0004,STATE_0001,,,20260912,4990.0,high,0,,,0,1,0,0,0,valid,1,1
SERVICE_000824,CUST_0780,OLT_0001,PLAN_0034,STATE_0001,,,20260912,9990.0,high,0,,,0,1,0,0,0,valid,1,1
SERVICE_000825,CUST_0781,OLT_0002,PLAN_0005,STATE_0001,,,20260912,599.0,medium,0,,,0,1,0,0,0,valid,1,1
SERVICE_000826,CUST_0782,OLT_0001,PLAN_0007,STATE_0001,,,20260912,299.0,low,0,,,0,1,0,0,0,valid,1,1
SERVICE_000827,CUST_0783,OLT_0001,PLAN_0033,STATE_0001,,,20260912,329.0,low,0,,,0,1,0,0,0,valid,1,1
SERVICE_000828,CUST_0784,OLT_0001,PLAN_0008,STATE_0001,,,20260912,449.0,medium,0,,,0,1,0,0,0,valid,1,1
SERVICE_000829,CUST_0785,OLT_0002,PLAN_0005,STATE_0001,,,20260912,599.0,medium,0,,,0,1,0,0,0,valid,1,1
SERVICE_000830,CUST_0786,OLT_0005,PLAN_0014,STATE_0001,,,20260912,12990.0,high,0,,,0,1,0,0,0,valid,1,1
SERVICE_000831,CUST_0787,OLT_0011,PLAN_0014,STATE_0001,,,20260912,5990.0,high,0,,,0,1,0,0,0,valid,1,1
SERVICE_000832,CUST_0787,OLT_0011,PLAN_0014,STATE_0001,,,20260912,5990.0,high,0,,,0,1,0,0,0,valid,1,1
SERVICE_000833,CUST_0788,OLT_0007,PLAN_0033,STATE_0001,,,20260912,3290.0,high,0,,,0,1,0,0,0,valid,1,1
SERVICE_000834,CUST_0789,OLT_0007,PLAN_0033,STATE_0001,,,20260912,3290.0,high,0,,,0,1,0,0,0,valid,1,1
SERVICE_000835,CUST_0790,OLT_0002,PLAN_0004,STATE_0001,,,20260912,4990.0,high,0,,,0,1,0,0,0,valid,1,1
SERVICE_000836,CUST_0576,OLT_0007,PLAN_0020,STATE_0001,,,20260912,999.0,high,0,,,0,1,0,0,0,valid,1,1
SERVICE_000837,CUST_0791,OLT_0007,PLAN_0006,STATE_0001,,,20260912,8490.0,high,0,,,0,1,0,0,0,valid,1,1
SERVICE_000838,CUST_0792,OLT_0007,PLAN_0012,STATE_0001,,,20260912,7990.0,high,0,,,0,1,0,0,0,valid,1,1
SERVICE_000839,CUST_0793,OLT_0007,PLAN_0012,STATE_0001,,,20260912,799.0,high,0,,,0,1,0,0,0,valid,1,1
SERVICE_000840,CUST_0794,OLT_0006,PLAN_0005,STATE_0001,,,20260912,599.0,medium,0,,,0,1,0,0,0,valid,1,1
SERVICE_000841,CUST_0795,OLT_0007,PLAN_0020,STATE_0001,,,20260912,999.0,high,0,,,0,1,0,0,0,valid,1,1
SERVICE_000842,CUST_0796,OLT_0005,PLAN_0051,STATE_0001,,,20260912,8490.0,high,0,,,0,1,0,0,1,review,1,1
SERVICE_000843,CUST_0797,OLT_0007,PLAN_0012,STATE_0001,,,20260912,799.0,high,0,,,0,1,0,0,0,valid,1,1
SERVICE_000844,CUST_0798,OLT_0007,PLAN_0065,STATE_0001,,,20260912,2299.0,high,0,,,0,1,0,0,0,valid,1,1
SERVICE_000845,CUST_0799,OLT_0007,PLAN_0004,STATE_0001,,,20260912,499.0,medium,0,,,0,1,0,0,0,valid,1,1
SERVICE_000846,CUST_0332,OLT_0007,PLAN_0039,STATE_0001,,,20260912,2490.0,high,0,,,0,1,0,0,0,valid,1,1
SERVICE_000847,CUST_0800,OLT_0010,PLAN_0012,STATE_0001,,,20260912,799.0,high,0,,,0,1,0,0,0,valid,1,1
SERVICE_000848,CUST_0801,OLT_0002,PLAN_0005,STATE_0001,,,20260912,5990.0,high,0,,,0,1,0,0,0,valid,1,1
SERVICE_000849,CUST_0802,OLT_0001,PLAN_0037,STATE_0001,,,20260912,799.0,high,0,,,0,1,0,0,0,valid,1,1
SERVICE_000850,CUST_0803,OLT_0010,PLAN_0004,STATE_0001,,,20260912,499.0,medium,0,,,0,1,0,0,0,valid,1,1
SERVICE_000851,CUST_0804,OLT_0006,PLAN_0066,STATE_0001,,,20260912,3990.0,high,0,,,0,1,0,0,1,review,1,1
SERVICE_000852,CUST_0805,OLT_0002,PLAN_0005,STATE_0001,,,20260912,5990.0,high,0,,,0,1,0,0,0,valid,1,1
SERVICE_000853,CUST_0806,OLT_0003,PLAN_0005,STATE_0001,,,20260912,599.0,medium,0,,,0,1,0,0,0,valid,1,1
SERVICE_000854,CUST_0807,OLT_0001,PLAN_0020,STATE_0001,,,20260912,999.0,high,0,,,0,1,0,0,0,valid,1,1
SERVICE_000855,CUST_0808,OLT_0010,PLAN_0020,STATE_0001,,,20260912,999.0,high,0,,,0,1,0,0,0,valid,1,1
SERVICE_000856,CUST_0809,OLT_0001,PLAN_0033,STATE_0001,,,20260912,3290.0,high,0,,,0,1,0,0,0,valid,1,1
SERVICE_000857,CUST_0810,OLT_0001,PLAN_0005,STATE_0001,,,20260912,5990.0,high,0,,,0,1,0,0,0,valid,1,1
SERVICE_000858,CUST_0811,OLT_0006,PLAN_0012,STATE_0001,,,20260912,799.0,high,0,,,0,1,0,0,0,valid,1,1
SERVICE_000859,CUST_0812,OLT_0001,PLAN_0005,STATE_0001,,,20260912,5990.0,high,0,,,0,1,0,0,0,valid,1,1
SERVICE_000860,CUST_0813,OLT_0007,PLAN_0067,STATE_0001,,,20260912,499.0,medium,0,,,0,1,0,0,1,review,1,1
SERVICE_000861,CUST_0814,OLT_0006,PLAN_0005,STATE_0001,,,20260912,599.0,medium,0,,,0,1,0,0,0,valid,1,1
SERVICE_000862,CUST_0815,OLT_0005,PLAN_0021,STATE_0001,,,20260912,1499.0,high,0,,,0,1,0,0,0,valid,1,1
SERVICE_000863,CUST_0816,OLT_0007,PLAN_0042,STATE_0001,,,20260912,0.0,low,0,,,0,1,0,0,1,review,1,1
SERVICE_000864,CUST_0817,OLT_0006,PLAN_0012,STATE_0001,,,20260912,799.0,high,0,,,0,1,0,0,0,valid,1,1
SERVICE_000865,CUST_0818,OLT_0002,PLAN_0005,STATE_0001,,,20260912,599.0,medium,0,,,0,1,0,0,0,valid,1,1
SERVICE_000866,CUST_0819,OLT_0001,PLAN_0005,STATE_0003,,,20260912,599.0,medium,1,,,0,1,0,0,0,valid,1,1
SERVICE_000867,CUST_0701,OLT_0001,PLAN_0068,STATE_0001,,,20260912,599.0,medium,0,,,0,1,0,0,0,valid,1,1
SERVICE_000868,CUST_0820,OLT_0005,PLAN_0005,STATE_0001,,,20260912,5990.0,high,0,,,0,1,0,0,0,valid,1,1
SERVICE_000869,CUST_0821,OLT_0009,PLAN_0020,STATE_0003,,,20260912,999.0,high,1,,,0,1,0,0,0,valid,1,1
SERVICE_000870,CUST_0822,OLT_0007,PLAN_0014,STATE_0001,,,20260912,1299.0,high,0,,,0,1,0,0,0,valid,1,1
SERVICE_000871,CUST_0823,OLT_0007,PLAN_0005,STATE_0001,,,20260912,5990.0,high,0,,,0,1,0,0,0,valid,1,1
SERVICE_000872,CUST_0824,OLT_0005,PLAN_0008,STATE_0001,,,20260912,4490.0,high,0,,,0,1,0,0,0,valid,1,1
SERVICE_000873,CUST_0825,OLT_0006,PLAN_0012,STATE_0001,,,20260912,799.0,high,0,,,0,1,0,0,0,valid,1,1
SERVICE_000874,CUST_0826,OLT_0006,PLAN_0005,STATE_0001,,,20260912,5990.0,high,0,,,0,1,0,0,0,valid,1,1
SERVICE_000875,CUST_0827,OLT_0007,PLAN_0005,STATE_0001,,,20260912,5990.0,high,0,,,0,1,0,0,0,valid,1,1
SERVICE_000876,CUST_0828,OLT_0001,PLAN_0005,STATE_0001,,,20260912,599.0,medium,0,,,0,1,0,0,0,valid,1,1
SERVICE_000877,CUST_0829,OLT_0007,PLAN_0004,STATE_0001,,,20260912,499.0,medium,0,,,0,1,0,0,0,valid,1,1
SERVICE_000878,CUST_0830,OLT_0001,PLAN_0014,STATE_0001,,,20260912,1299.0,high,0,,,0,1,0,0,0,valid,1,1
SERVICE_000879,CUST_0831,OLT_0001,PLAN_0004,STATE_0001,,,20260912,4990.0,high,0,,,0,1,0,0,0,valid,1,1
SERVICE_000880,CUST_0832,OLT_0001,PLAN_0012,STATE_0001,,,20260912,7990.0,high,0,,,0,1,0,0,0,valid,1,1
SERVICE_000881,CUST_0833,OLT_0001,PLAN_0036,STATE_0001,,,20260912,7990.0,high,0,,,0,1,0,0,0,valid,1,1
SERVICE_000882,CUST_0834,OLT_0001,PLAN_0012,STATE_0001,,,20260912,799.0,high,0,,,0,1,0,0,0,valid,1,1
SERVICE_000883,CUST_0835,OLT_0007,PLAN_0067,STATE_0001,,,20260912,4990.0,high,0,,,0,1,0,0,1,review,1,1
SERVICE_000884,CUST_0836,OLT_0006,PLAN_0050,STATE_0001,,,20260912,7990.0,high,0,,,0,1,0,0,1,review,1,1
SERVICE_000885,CUST_0837,OLT_0006,PLAN_0005,STATE_0001,,,20260912,599.0,medium,0,,,0,1,0,0,0,valid,1,1
SERVICE_000886,CUST_0838,OLT_0006,PLAN_0004,STATE_0001,,,20260912,4990.0,high,0,,,0,1,0,0,0,valid,1,1
SERVICE_000887,CUST_0839,OLT_0001,PLAN_0012,STATE_0001,,,20260912,7990.0,high,0,,,0,1,0,0,0,valid,1,1
SERVICE_000888,CUST_0840,OLT_0007,PLAN_0034,STATE_0001,,,20260912,999.0,high,0,,,0,1,0,0,0,valid,1,1
SERVICE_000889,CUST_0841,OLT_0006,PLAN_0042,STATE_0001,,,20260912,5990.0,high,0,,,0,1,0,0,1,review,1,1
SERVICE_000890,CUST_0842,OLT_0001,PLAN_0012,STATE_0001,,,20260912,7990.0,high,0,,,0,1,0,0,0,valid,1,1
SERVICE_000891,CUST_0843,OLT_0004,PLAN_0069,STATE_0001,,,20260912,999.0,high,0,,,0,1,0,0,0,valid,1,1
SERVICE_000892,CUST_0844,OLT_0003,PLAN_0012,STATE_0001,,,20260912,799.0,high,0,,,0,1,0,0,0,valid,1,1
SERVICE_000893,CUST_0845,OLT_0006,PLAN_0012,STATE_0001,,,20260912,799.0,high,0,,,0,1,0,0,0,valid,1,1
SERVICE_000894,CUST_0846,OLT_0001,PLAN_0034,STATE_0001,,,20260912,999.0,high,0,,,0,1,0,0,0,valid,1,1
SERVICE_000895,CUST_0847,OLT_0001,PLAN_0014,STATE_0001,,,20260912,1299.0,high,0,,,0,1,0,0,0,valid,1,1
SERVICE_000896,CUST_0848,OLT_0004,PLAN_0005,STATE_0001,,,20260912,599.0,medium,0,,,0,1,0,0,0,valid,1,1
SERVICE_000897,CUST_0849,OLT_0007,PLAN_0014,STATE_0001,,,20260912,1299.0,high,0,,,0,1,0,0,0,valid,1,1
SERVICE_000898,CUST_0850,OLT_0005,PLAN_0012,STATE_0001,,,20260912,799.0,high,0,,,0,1,0,0,0,valid,1,1
SERVICE_000899,CUST_0705,OLT_0001,PLAN_0014,STATE_0001,,,20260912,1299.0,high,0,,,0,1,0,0,0,valid,1,1
SERVICE_000900,CUST_0851,OLT_0006,PLAN_0005,STATE_0001,,,20260912,599.0,medium,0,,,0,1,0,0,0,valid,1,1
SERVICE_000901,CUST_0852,OLT_0008,PLAN_0070,STATE_0001,,,20260912,0.0,low,0,,,0,1,0,0,1,review,1,1
SERVICE_000902,CUST_0853,OLT_0009,PLAN_0006,STATE_0001,,,20260912,849.0,high,0,,,0,1,0,0,0,valid,1,1
SERVICE_000903,CUST_0854,OLT_0003,PLAN_0035,STATE_0001,,,20260912,699.0,medium,0,,,0,1,0,0,0,valid,1,1
SERVICE_000904,CUST_0855,OLT_0001,PLAN_0004,STATE_0001,,,20260912,499.0,medium,0,,,0,1,0,0,0,valid,1,1
SERVICE_000905,CUST_0856,OLT_0009,PLAN_0005,STATE_0001,,,20260912,5990.0,high,0,,,0,1,0,0,0,valid,1,1
SERVICE_000906,CUST_0857,OLT_0007,PLAN_0012,STATE_0001,,,20260912,7990.0,high,0,,,0,1,0,0,0,valid,1,1
SERVICE_000907,CUST_0858,OLT_0002,PLAN_0006,STATE_0001,,,20260912,8490.0,high,0,,,0,1,0,0,0,valid,1,1
SERVICE_000908,CUST_0859,OLT_0005,PLAN_0006,STATE_0001,,,20260912,8490.0,high,0,,,0,1,0,0,0,valid,1,1
SERVICE_000909,CUST_0860,OLT_0006,PLAN_0042,STATE_0001,,,20260912,599.0,medium,0,,,0,1,0,0,1,review,1,1
SERVICE_000910,CUST_0861,OLT_0005,PLAN_0006,STATE_0001,,,20260912,8490.0,high,0,,,0,1,0,0,0,valid,1,1
SERVICE_000911,CUST_0862,OLT_0005,PLAN_0015,STATE_0001,,,20260912,449.0,medium,0,,,0,1,0,0,0,valid,1,1
SERVICE_000912,CUST_0735,OLT_0002,PLAN_0024,STATE_0001,,,20260912,599.0,medium,0,,,0,1,0,0,0,valid,1,1
SERVICE_000913,CUST_0863,OLT_0001,PLAN_0046,STATE_0001,,,20260912,1799.0,high,0,,,0,1,0,0,0,valid,1,1
SERVICE_000914,CUST_0864,OLT_0007,PLAN_0004,STATE_0001,,,20260912,4990.0,high,0,,,0,1,0,0,0,valid,1,1
SERVICE_000915,CUST_0865,OLT_0001,PLAN_0005,STATE_0001,,,20260912,5990.0,high,0,,,0,1,0,0,0,valid,1,1
SERVICE_000916,CUST_0598,OLT_0010,PLAN_0015,STATE_0001,,,20260912,449.0,medium,0,,,0,1,0,0,0,valid,1,1
SERVICE_000917,CUST_0866,OLT_0005,PLAN_0015,STATE_0001,,,20260912,449.0,medium,0,,,0,1,0,0,0,valid,1,1
SERVICE_000918,CUST_0867,OLT_0001,PLAN_0015,STATE_0001,,,20260912,449.0,medium,0,,,0,1,0,0,0,valid,1,1
SERVICE_000919,CUST_0868,OLT_0007,PLAN_0024,STATE_0001,,,20260912,599.0,medium,0,,,0,1,0,0,0,valid,1,1
SERVICE_000920,CUST_0869,OLT_0006,PLAN_0005,STATE_0001,,,20260912,5990.0,high,0,,,0,1,0,0,0,valid,1,1
SERVICE_000921,CUST_0870,OLT_0007,PLAN_0034,STATE_0001,,,20260912,999.0,high,0,,,0,1,0,0,0,valid,1,1
SERVICE_000922,CUST_0871,OLT_0003,PLAN_0021,STATE_0001,,,20260912,1499.0,high,0,,,0,1,0,0,0,valid,1,1
SERVICE_000923,CUST_0872,OLT_0005,PLAN_0012,STATE_0001,,,20260912,799.0,high,0,,,0,1,0,0,0,valid,1,1
SERVICE_000924,CUST_0873,OLT_0001,PLAN_0005,STATE_0001,,,20260912,5990.0,high,0,,,0,1,0,0,0,valid,1,1
SERVICE_000925,CUST_0874,OLT_0002,PLAN_0005,STATE_0001,,,20260912,5990.0,high,0,,,0,1,0,0,0,valid,1,1
SERVICE_000926,CUST_0875,OLT_0002,PLAN_0054,STATE_0001,,,20260912,1799.0,high,0,,,0,1,0,0,0,valid,1,1
SERVICE_000927,CUST_0876,OLT_0001,PLAN_0033,STATE_0002,,,20260912,329.0,low,0,,,0,1,0,0,0,valid,1,1
SERVICE_000928,CUST_0877,OLT_0005,PLAN_0004,STATE_0001,,,20260912,499.0,medium,0,,,0,1,0,0,0,valid,1,1
SERVICE_000929,CUST_0878,OLT_0005,PLAN_0004,STATE_0001,,,20260912,499.0,medium,0,,,0,1,0,0,0,valid,1,1
SERVICE_000930,CUST_0879,OLT_0001,PLAN_0014,STATE_0001,,,20260912,12990.0,high,0,,,0,1,0,0,0,valid,1,1
SERVICE_000931,CUST_0880,OLT_0009,PLAN_0004,STATE_0001,,,20260912,4990.0,high,0,,,0,1,0,0,0,valid,1,1
SERVICE_000932,CUST_0881,OLT_0001,PLAN_0005,STATE_0001,,,20260912,5990.0,high,0,,,0,1,0,0,0,valid,1,1
SERVICE_000933,CUST_0882,OLT_0001,PLAN_0020,STATE_0001,,,20260912,999.0,high,0,,,0,1,0,0,0,valid,1,1
SERVICE_000934,CUST_0883,OLT_0001,PLAN_0005,STATE_0001,,,20260912,5990.0,high,0,,,0,1,0,0,0,valid,1,1
SERVICE_000935,CUST_0884,OLT_0001,PLAN_0012,STATE_0001,,,20260912,799.0,high,0,,,0,1,0,0,0,valid,1,1
SERVICE_000936,CUST_0885,OLT_0009,PLAN_0014,STATE_0001,,,20260912,12990.0,high,0,,,0,1,0,0,0,valid,1,1
SERVICE_000937,CUST_0886,OLT_0001,PLAN_0007,STATE_0001,,,20260912,299.0,low,0,,,0,1,0,0,0,valid,1,1
SERVICE_000938,CUST_0887,OLT_0001,PLAN_0033,STATE_0001,,,20260912,3290.0,high,0,,,0,1,0,0,0,valid,1,1
SERVICE_000939,CUST_0846,OLT_0001,PLAN_0007,STATE_0001,,,20260912,299.0,low,0,,,0,1,0,0,0,valid,1,1
SERVICE_000940,CUST_0888,OLT_0001,PLAN_0035,STATE_0001,,,20260912,6990.0,high,0,,,0,1,0,0,0,valid,1,1
SERVICE_000941,CUST_0889,OLT_0009,PLAN_0024,STATE_0001,,,20260912,599.0,medium,0,,,0,1,0,0,0,valid,1,1
SERVICE_000942,CUST_0890,OLT_0001,PLAN_0005,STATE_0001,,,20260912,5990.0,high,0,,,0,1,0,0,0,valid,1,1
SERVICE_000943,CUST_0891,OLT_0002,PLAN_0037,STATE_0001,,,20260912,799.0,high,0,,,0,1,0,0,0,valid,1,1
SERVICE_000944,CUST_0892,OLT_0001,PLAN_0020,STATE_0001,,,20260912,999.0,high,0,,,0,1,0,0,0,valid,1,1
SERVICE_000945,CUST_0544,OLT_0009,PLAN_0005,STATE_0001,,,20260912,599.0,medium,0,,,0,1,0,0,0,valid,1,1
SERVICE_000946,CUST_0396,OLT_0005,PLAN_0008,STATE_0001,,,20260912,4490.0,high,0,,,0,1,0,0,0,valid,1,1
SERVICE_000947,CUST_0893,OLT_0001,PLAN_0007,STATE_0001,,,20260912,299.0,low,0,,,0,1,0,0,0,valid,1,1
SERVICE_000948,CUST_0894,OLT_0003,PLAN_0004,STATE_0002,,,20260912,499.0,medium,0,,,0,1,0,0,0,valid,1,1
SERVICE_000949,CUST_0895,OLT_0005,PLAN_0004,STATE_0001,,,20260912,4990.0,high,0,,,0,1,0,0,0,valid,1,1
SERVICE_000950,CUST_0896,OLT_0002,PLAN_0004,STATE_0001,,,20260912,4990.0,high,0,,,0,1,0,0,0,valid,1,1
SERVICE_000951,CUST_0431,OLT_0001,PLAN_0033,STATE_0001,,,20260912,3290.0,high,0,,,0,1,0,0,0,valid,1,1
SERVICE_000952,CUST_0897,OLT_0002,PLAN_0004,STATE_0001,,,20260912,499.0,medium,0,,,0,1,0,0,0,valid,1,1
SERVICE_000953,CUST_0898,OLT_0005,PLAN_0033,STATE_0001,,,20260912,329.0,low,0,,,0,1,0,0,0,valid,1,1
SERVICE_000954,CUST_0899,OLT_0001,PLAN_0021,STATE_0001,,,20260912,1499.0,high,0,,,0,1,0,0,0,valid,1,1
SERVICE_000955,CUST_0900,OLT_0001,PLAN_0014,STATE_0001,,,20260912,12990.0,high,0,,,0,1,0,0,0,valid,1,1
SERVICE_000956,CUST_0901,OLT_0009,PLAN_0004,STATE_0001,,,20260912,499.0,medium,0,,,0,1,0,0,0,valid,1,1
SERVICE_000957,CUST_0902,OLT_0002,PLAN_0054,STATE_0001,,,20260912,1799.0,high,0,,,0,1,0,0,0,valid,1,1
SERVICE_000958,CUST_0903,OLT_0002,PLAN_0005,STATE_0001,,,20260912,599.0,medium,0,,,0,1,0,0,0,valid,1,1
SERVICE_000959,CUST_0904,OLT_0001,PLAN_0005,STATE_0001,,,20260912,5990.0,high,0,,,0,1,0,0,0,valid,1,1
SERVICE_000960,CUST_0905,OLT_0001,PLAN_0006,STATE_0001,,,20260912,849.0,high,0,,,0,1,0,0,0,valid,1,1
SERVICE_000961,CUST_0906,OLT_0005,PLAN_0004,STATE_0001,,,20260912,4990.0,high,0,,,0,1,0,0,0,valid,1,1
SERVICE_000962,CUST_0907,OLT_0004,PLAN_0005,STATE_0002,,,20260912,599.0,medium,0,,,0,1,0,0,0,valid,1,1
SERVICE_000963,CUST_0433,OLT_0001,PLAN_0007,STATE_0001,,,20260912,299.0,low,0,,,0,1,0,0,0,valid,1,1
SERVICE_000964,CUST_0908,OLT_0001,PLAN_0006,STATE_0001,,,20260912,8490.0,high,0,,,0,1,0,0,0,valid,1,1
SERVICE_000965,CUST_0909,OLT_0001,PLAN_0008,STATE_0001,,,20260912,4490.0,high,0,,,0,1,0,0,0,valid,1,1
SERVICE_000966,CUST_0910,OLT_0006,PLAN_0005,STATE_0001,,,20260912,5990.0,high,0,,,0,1,0,0,0,valid,1,1
SERVICE_000967,CUST_0911,OLT_0002,PLAN_0008,STATE_0001,,,20260912,4490.0,high,0,,,0,1,0,0,0,valid,1,1
SERVICE_000968,CUST_0912,OLT_0002,PLAN_0005,STATE_0001,,,20260912,599.0,medium,0,,,0,1,0,0,0,valid,1,1
SERVICE_000969,CUST_0913,OLT_0001,PLAN_0008,STATE_0001,,,20260912,4490.0,high,0,,,0,1,0,0,0,valid,1,1
SERVICE_000970,CUST_0914,OLT_0001,PLAN_0033,STATE_0001,,,20260912,3290.0,high,0,,,0,1,0,0,0,valid,1,1
SERVICE_000971,CUST_0915,OLT_0001,PLAN_0007,STATE_0001,,,20260912,299.0,low,0,,,0,1,0,0,0,valid,1,1
SERVICE_000972,CUST_0916,OLT_0005,PLAN_0005,STATE_0001,,,20260912,5990.0,high,0,,,0,1,0,0,0,valid,1,1
SERVICE_000973,CUST_0917,OLT_0005,PLAN_0024,STATE_0001,,,20260912,599.0,medium,0,,,0,1,0,0,0,valid,1,1
SERVICE_000974,CUST_0918,OLT_0007,PLAN_0004,STATE_0001,,,20260912,5990.0,high,0,,,0,1,0,0,0,valid,1,1
SERVICE_000975,CUST_0919,OLT_0006,PLAN_0021,STATE_0001,,,20260912,1499.0,high,0,,,0,1,0,0,0,valid,1,1
SERVICE_000976,CUST_0576,OLT_0007,PLAN_0034,STATE_0001,,,20260912,999.0,high,0,,,0,1,0,0,0,valid,1,1
SERVICE_000977,CUST_0920,OLT_0007,PLAN_0012,STATE_0001,,,20260912,799.0,high,0,,,0,1,0,0,0,valid,1,1
SERVICE_000978,CUST_0921,OLT_0007,PLAN_0020,STATE_0001,,,20260912,999.0,high,0,,,0,1,0,0,0,valid,1,1
SERVICE_000979,CUST_0922,OLT_0006,PLAN_0005,STATE_0001,,,20260912,599.0,medium,0,,,0,1,0,0,0,valid,1,1
SERVICE_000980,CUST_0578,OLT_0007,PLAN_0008,STATE_0001,,,20260912,449.0,medium,0,,,0,1,0,0,0,valid,1,1
SERVICE_000981,CUST_0923,OLT_0007,PLAN_0004,STATE_0002,,,20260912,499.0,medium,0,,,0,1,0,0,0,valid,1,1
SERVICE_000982,CUST_0924,OLT_0007,PLAN_0033,STATE_0001,,,20260912,3290.0,high,0,,,0,1,0,0,0,valid,1,1
SERVICE_000983,CUST_0925,OLT_0006,PLAN_0008,STATE_0001,,,20260912,4490.0,high,0,,,0,1,0,0,0,valid,1,1
SERVICE_000984,CUST_0926,OLT_0006,PLAN_0067,STATE_0001,,,20260912,4990.0,high,0,,,0,1,0,0,1,review,1,1
SERVICE_000985,CUST_0927,OLT_0006,PLAN_0042,STATE_0001,,,20260912,7990.0,high,0,,,0,1,0,0,1,review,1,1
SERVICE_000986,CUST_0928,OLT_0002,PLAN_0042,STATE_0001,,,20260912,5990.0,high,0,,,0,1,0,0,1,review,1,1
SERVICE_000987,CUST_0929,OLT_0010,PLAN_0021,STATE_0001,,,20260912,1499.0,high,0,,,0,1,0,0,0,valid,1,1
SERVICE_000988,CUST_0930,OLT_0005,PLAN_0006,STATE_0001,,,20260912,8490.0,high,0,,,0,1,0,0,0,valid,1,1
SERVICE_000989,CUST_0931,OLT_0007,PLAN_0020,STATE_0001,,,20260912,999.0,high,0,,,0,1,0,0,0,valid,1,1
SERVICE_000990,CUST_0932,OLT_0001,PLAN_0071,STATE_0001,,,20260912,449.0,medium,0,,,0,1,0,0,0,valid,1,1
SERVICE_000991,CUST_0933,OLT_0001,PLAN_0020,STATE_0001,,,20260912,999.0,high,0,,,0,1,0,0,0,valid,1,1
SERVICE_000992,CUST_0934,OLT_0002,PLAN_0012,STATE_0001,,,20260912,799.0,high,0,,,0,1,0,0,0,valid,1,1
SERVICE_000993,CUST_0935,OLT_0001,PLAN_0072,STATE_0001,,,20260912,6990.0,high,0,,,0,1,0,0,1,review,1,1
SERVICE_000994,CUST_0936,OLT_0001,PLAN_0012,STATE_0001,,,20260912,799.0,high,0,,,0,1,0,0,0,valid,1,1
SERVICE_000995,CUST_0605,OLT_0004,PLAN_0046,STATE_0001,,,20260912,1799.0,high,0,,,0,1,0,0,0,valid,1,1
SERVICE_000996,CUST_0937,OLT_0006,PLAN_0005,STATE_0001,,,20260912,599.0,medium,0,,,0,1,0,0,0,valid,1,1
SERVICE_000997,CUST_0938,OLT_0007,PLAN_0005,STATE_0001,,,20260912,5990.0,high,0,,,0,1,0,0,0,valid,1,1
SERVICE_000998,CUST_0939,OLT_0002,PLAN_0020,STATE_0001,,,20260912,999.0,high,0,,,0,1,0,0,0,valid,1,1
SERVICE_000999,CUST_0940,OLT_0001,PLAN_0012,STATE_0001,,,20260912,799.0,high,0,,,0,1,0,0,0,valid,1,1
SERVICE_001000,CUST_0941,OLT_0005,PLAN_0068,STATE_0001,,,20260912,5990.0,high,0,,,0,1,0,0,0,valid,1,1
SERVICE_001001,CUST_0942,OLT_0009,PLAN_0005,STATE_0001,,,20260912,5990.0,high,0,,,0,1,0,0,0,valid,1,1
SERVICE_001002,CUST_0943,OLT_0007,PLAN_0004,STATE_0001,,,20260912,499.0,medium,0,,,0,1,0,0,0,valid,1,1
SERVICE_001003,CUST_0944,OLT_0007,PLAN_0029,STATE_0001,,,20260912,699.0,medium,0,,,0,1,0,0,0,valid,1,1
SERVICE_001004,CUST_0945,OLT_0001,PLAN_0005,STATE_0001,,,20260912,599.0,medium,0,,,0,1,0,0,0,valid,1,1
SERVICE_001005,CUST_0946,OLT_0002,PLAN_0005,STATE_0001,,,20260912,5990.0,high,0,,,0,1,0,0,0,valid,1,1
SERVICE_001006,CUST_0947,OLT_0002,PLAN_0020,STATE_0001,,,20260912,999.0,high,0,,,0,1,0,0,0,valid,1,1
SERVICE_001007,CUST_0948,OLT_0002,PLAN_0012,STATE_0001,,,20260912,799.0,high,0,,,0,1,0,0,0,valid,1,1
SERVICE_001008,CUST_0949,OLT_0005,PLAN_0020,STATE_0001,,,20260912,999.0,high,0,,,0,1,0,0,0,valid,1,1
SERVICE_001009,CUST_0950,OLT_0010,PLAN_0012,STATE_0001,,,20260912,799.0,high,0,,,0,1,0,0,0,valid,1,1
SERVICE_001010,CUST_0951,OLT_0001,PLAN_0050,STATE_0001,,,20260912,799.0,high,0,,,0,1,0,0,1,review,1,1
SERVICE_001011,CUST_0952,OLT_0001,PLAN_0073,STATE_0001,,,20260912,19990.0,high,0,,,0,1,0,0,0,valid,1,1
SERVICE_001012,CUST_0953,OLT_0001,PLAN_0012,STATE_0001,,,20260912,799.0,high,0,,,0,1,0,0,0,valid,1,1
SERVICE_001013,CUST_0954,OLT_0007,PLAN_0015,STATE_0001,,,20260912,449.0,medium,0,,,0,1,0,0,0,valid,1,1
SERVICE_001014,CUST_0955,OLT_0006,PLAN_0012,STATE_0001,,,20260912,7990.0,high,0,,,0,1,0,0,0,valid,1,1
SERVICE_001015,CUST_0474,OLT_0005,PLAN_0005,STATE_0001,,,20260912,599.0,medium,0,,,0,1,0,0,0,valid,1,1
SERVICE_001016,CUST_0956,OLT_0007,PLAN_0012,STATE_0001,,,20260912,7990.0,high,0,,,0,1,0,0,0,valid,1,1
SERVICE_001017,CUST_0957,OLT_0006,PLAN_0012,STATE_0001,,,20260912,7990.0,high,0,,,0,1,0,0,0,valid,1,1
SERVICE_001018,CUST_0958,OLT_0007,PLAN_0012,STATE_0001,,,20260912,799.0,high,0,,,0,1,0,0,0,valid,1,1
SERVICE_001019,CUST_0959,OLT_0002,PLAN_0012,STATE_0001,,,20260912,7990.0,high,0,,,0,1,0,0,0,valid,1,1
SERVICE_001020,CUST_0960,OLT_0001,PLAN_0006,STATE_0001,,,20260912,849.0,high,0,,,0,1,0,0,0,valid,1,1
SERVICE_001021,CUST_0961,OLT_0002,PLAN_0006,STATE_0001,,,20260912,8490.0,high,0,,,0,1,0,0,0,valid,1,1
SERVICE_001022,CUST_0962,OLT_0001,PLAN_0053,STATE_0001,,,20260912,1999.0,high,0,,,0,1,0,0,0,valid,1,1
SERVICE_001023,CUST_0963,OLT_0011,PLAN_0005,STATE_0001,,,20260912,5990.0,high,0,,,0,1,0,0,0,valid,1,1
SERVICE_001024,CUST_0964,OLT_0008,PLAN_0012,STATE_0001,,,20260912,799.0,high,0,,,0,1,0,0,0,valid,1,1
SERVICE_001025,CUST_0965,OLT_0001,PLAN_0004,STATE_0001,,,20260912,499.0,medium,0,,,0,1,0,0,0,valid,1,1
SERVICE_001026,CUST_0966,OLT_0007,PLAN_0074,STATE_0001,,,20260912,1277.0,high,0,,,0,1,0,0,0,valid,1,1
SERVICE_001027,CUST_0967,OLT_0001,PLAN_0008,STATE_0001,,,20260912,449.0,medium,0,,,0,1,0,0,0,valid,1,1
SERVICE_001028,CUST_0968,OLT_0001,PLAN_0014,STATE_0001,,,20260912,1299.0,high,0,,,0,1,0,0,0,valid,1,1
SERVICE_001029,CUST_0969,OLT_0008,PLAN_0005,STATE_0001,,,20260912,5990.0,high,0,,,0,1,0,0,0,valid,1,1
SERVICE_001030,CUST_0970,OLT_0001,PLAN_0014,STATE_0001,,,20260912,1299.0,high,0,,,0,1,0,0,0,valid,1,1
SERVICE_001031,CUST_0971,OLT_0007,PLAN_0034,STATE_0001,,,20260912,999.0,high,0,,,0,1,0,0,0,valid,1,1
SERVICE_001032,CUST_0972,OLT_0001,PLAN_0006,STATE_0001,,,20260912,8490.0,high,0,,,0,1,0,0,0,valid,1,1
SERVICE_001033,CUST_0973,OLT_0001,PLAN_0012,STATE_0001,,,20260912,799.0,high,0,,,0,1,0,0,0,valid,1,1
SERVICE_001034,CUST_0974,OLT_0006,PLAN_0075,STATE_0002,,,20260912,9990.0,high,0,,,0,1,0,0,0,valid,1,1
SERVICE_001035,CUST_0975,OLT_0002,PLAN_0004,STATE_0001,,,20260912,499.0,medium,0,,,0,1,0,0,0,valid,1,1
SERVICE_001036,CUST_0976,OLT_0001,PLAN_0034,STATE_0001,,,20260912,999.0,high,0,,,0,1,0,0,0,valid,1,1
SERVICE_001037,CUST_0977,OLT_0003,PLAN_0035,STATE_0001,,,20260912,699.0,medium,0,,,0,1,0,0,0,valid,1,1
SERVICE_001038,CUST_0978,OLT_0007,PLAN_0012,STATE_0001,,,20260912,9990.0,high,0,,,0,1,0,0,0,valid,1,1
SERVICE_001039,CUST_0979,OLT_0010,PLAN_0034,STATE_0001,,,20260912,999.0,high,0,,,0,1,0,0,0,valid,1,1
SERVICE_001040,CUST_0980,OLT_0006,PLAN_0006,STATE_0001,,,20260912,8490.0,high,0,,,0,1,0,0,0,valid,1,1
SERVICE_001041,CUST_0981,OLT_0005,PLAN_0005,STATE_0001,,,20260912,5990.0,high,0,,,0,1,0,0,0,valid,1,1
SERVICE_001042,CUST_0982,OLT_0007,PLAN_0012,STATE_0001,,,20260912,799.0,high,0,,,0,1,0,0,0,valid,1,1
SERVICE_001043,CUST_0983,OLT_0001,PLAN_0005,STATE_0001,,,20260912,599.0,medium,0,,,0,1,0,0,0,valid,1,1
SERVICE_001044,CUST_0984,OLT_0001,PLAN_0076,STATE_0001,,,20260912,799.0,high,0,,,0,1,0,0,0,valid,1,1
SERVICE_001045,CUST_0985,OLT_0005,PLAN_0033,STATE_0001,,,20260912,329.0,low,0,,,0,1,0,0,0,valid,1,1
SERVICE_001046,CUST_0986,OLT_0001,PLAN_0033,STATE_0001,,,20260912,3290.0,high,0,,,0,1,0,0,0,valid,1,1
SERVICE_001047,CUST_0987,OLT_0006,PLAN_0012,STATE_0001,,,20260912,7990.0,high,0,,,0,1,0,0,0,valid,1,1
SERVICE_001048,CUST_0988,OLT_0002,PLAN_0012,STATE_0001,,,20260912,7990.0,high,0,,,0,1,0,0,0,valid,1,1
SERVICE_001049,CUST_0989,OLT_0002,PLAN_0015,STATE_0001,,,20260912,449.0,medium,0,,,0,1,0,0,0,valid,1,1
SERVICE_001050,CUST_0735,OLT_0008,PLAN_0077,STATE_0001,,,20260912,599.0,medium,0,,,0,1,0,0,1,review,1,1
SERVICE_001051,CUST_0735,OLT_0010,PLAN_0015,STATE_0001,,,20260912,449.0,medium,0,,,0,1,0,0,0,valid,1,1
SERVICE_001052,CUST_0990,OLT_0001,PLAN_0015,STATE_0001,,,20260912,449.0,medium,0,,,0,1,0,0,0,valid,1,1
SERVICE_001053,CUST_0991,OLT_0001,PLAN_0078,STATE_0001,,,20260912,449.0,medium,0,,,0,1,0,0,1,review,1,1
SERVICE_001054,CUST_0992,OLT_0010,PLAN_0051,STATE_0001,,,20260912,8490.0,high,0,,,0,1,0,0,1,review,1,1
SERVICE_001055,CUST_0480,OLT_0005,PLAN_0014,STATE_0001,,,20260912,1299.0,high,0,,,0,1,0,0,0,valid,1,1
SERVICE_001056,CUST_0993,OLT_0001,PLAN_0004,STATE_0001,,,20260912,499.0,medium,0,,,0,1,0,0,0,valid,1,1
SERVICE_001057,CUST_0994,OLT_0001,PLAN_0005,STATE_0001,,,20260912,5990.0,high,0,,,0,1,0,0,0,valid,1,1
SERVICE_001058,CUST_0995,OLT_0001,PLAN_0005,STATE_0001,,,20260912,5990.0,high,0,,,0,1,0,0,0,valid,1,1
SERVICE_001059,CUST_0996,OLT_0001,PLAN_0005,STATE_0001,,,20260912,599.0,medium,0,,,0,1,0,0,0,valid,1,1
SERVICE_001060,CUST_0745,OLT_0001,PLAN_0012,STATE_0001,,,20260912,799.0,high,0,,,0,1,0,0,0,valid,1,1
SERVICE_001061,CUST_0997,OLT_0005,PLAN_0005,STATE_0001,,,20260912,5990.0,high,0,,,0,1,0,0,0,valid,1,1
SERVICE_001062,CUST_0998,OLT_0005,PLAN_0004,STATE_0001,,,20260912,2990.0,high,0,,,0,1,0,0,0,valid,1,1
SERVICE_001063,CUST_0999,OLT_0001,PLAN_0034,STATE_0001,,,20260912,9990.0,high,0,,,0,1,0,0,0,valid,1,1
SERVICE_001064,CUST_1000,OLT_0001,PLAN_0005,STATE_0001,,,20260912,5990.0,high,0,,,0,1,0,0,0,valid,1,1
SERVICE_001065,CUST_1001,OLT_0009,PLAN_0005,STATE_0001,,,20260912,599.0,medium,0,,,0,1,0,0,0,valid,1,1
SERVICE_001066,CUST_1002,OLT_0009,PLAN_0033,STATE_0001,,,20260912,329.0,low,0,,,0,1,0,0,0,valid,1,1
SERVICE_001067,CUST_1003,OLT_0003,PLAN_0007,STATE_0001,,,20260912,299.0,low,0,,,0,1,0,0,0,valid,1,1
SERVICE_001068,CUST_1004,OLT_0001,PLAN_0012,STATE_0001,,,20260912,7990.0,high,0,,,0,1,0,0,0,valid,1,1
SERVICE_001069,CUST_1005,OLT_0001,PLAN_0005,STATE_0001,,,20260912,5990.0,high,0,,,0,1,0,0,0,valid,1,1
SERVICE_001070,CUST_1006,OLT_0003,PLAN_0020,STATE_0001,,,20260912,999.0,high,0,,,0,1,0,0,0,valid,1,1
SERVICE_001071,CUST_1007,OLT_0001,PLAN_0040,STATE_0001,,,20260912,9590.0,high,0,,,0,1,0,0,0,valid,1,1
SERVICE_001072,CUST_1008,OLT_0002,PLAN_0004,STATE_0001,,,20260912,499.0,medium,0,,,0,1,0,0,0,valid,1,1
SERVICE_001073,CUST_1009,OLT_0001,PLAN_0014,STATE_0001,,,20260912,1299.0,high,0,,,0,1,0,0,0,valid,1,1
SERVICE_001074,CUST_1010,OLT_0003,PLAN_0004,STATE_0001,,,20260912,4990.0,high,0,,,0,1,0,0,0,valid,1,1
SERVICE_001075,CUST_1011,OLT_0002,PLAN_0036,STATE_0001,,,20260912,399.0,low,0,,,0,1,0,0,0,valid,1,1
SERVICE_001076,CUST_1012,OLT_0009,PLAN_0004,STATE_0001,,,20260912,4990.0,high,0,,,0,1,0,0,0,valid,1,1
SERVICE_001077,CUST_1013,OLT_0001,PLAN_0034,STATE_0001,,,20260912,9990.0,high,0,,,0,1,0,0,0,valid,1,1
SERVICE_001078,CUST_1014,OLT_0009,PLAN_0005,STATE_0001,,,20260912,5990.0,high,0,,,0,1,0,0,0,valid,1,1
SERVICE_001079,CUST_1015,OLT_0001,PLAN_0005,STATE_0001,,,20260912,5990.0,high,0,,,0,1,0,0,0,valid,1,1
SERVICE_001080,CUST_1016,OLT_0001,PLAN_0007,STATE_0001,,,20260912,299.0,low,0,,,0,1,0,0,0,valid,1,1
SERVICE_001081,CUST_1017,OLT_0001,PLAN_0007,STATE_0001,,,20260912,2990.0,high,0,,,0,1,0,0,0,valid,1,1
SERVICE_001082,CUST_1018,OLT_0005,PLAN_0033,STATE_0001,,,20260912,3290.0,high,0,,,0,1,0,0,0,valid,1,1
SERVICE_001083,CUST_1019,OLT_0001,PLAN_0012,STATE_0001,,,20260912,799.0,high,0,,,0,1,0,0,0,valid,1,1
SERVICE_001084,CUST_1020,OLT_0005,PLAN_0005,STATE_0001,,,20260912,5990.0,high,0,,,0,1,0,0,0,valid,1,1
SERVICE_001085,CUST_1021,OLT_0006,PLAN_0020,STATE_0001,,,20260912,999.0,high,0,,,0,1,0,0,0,valid,1,1
SERVICE_001086,CUST_1022,OLT_0006,PLAN_0004,STATE_0001,,,20260912,499.0,medium,0,,,0,1,0,0,0,valid,1,1
SERVICE_001087,CUST_1023,OLT_0006,PLAN_0005,STATE_0001,,,20260912,599.0,medium,0,,,0,1,0,0,0,valid,1,1
SERVICE_001088,CUST_1024,OLT_0007,PLAN_0014,STATE_0001,,,20260912,1299.0,high,0,,,0,1,0,0,0,valid,1,1
SERVICE_001089,CUST_1025,OLT_0007,PLAN_0068,STATE_0001,,,20260912,5990.0,high,0,,,0,1,0,0,0,valid,1,1
SERVICE_001090,CUST_1026,OLT_0006,PLAN_0033,STATE_0001,,,20260912,3290.0,high,0,,,0,1,0,0,0,valid,1,1
SERVICE_001091,CUST_1027,OLT_0007,PLAN_0005,STATE_0001,,,20260912,599.0,medium,0,,,0,1,0,0,0,valid,1,1
SERVICE_001092,CUST_1028,OLT_0006,PLAN_0005,STATE_0001,,,20260912,5990.0,high,0,,,0,1,0,0,0,valid,1,1
SERVICE_001093,CUST_0033,OLT_0007,PLAN_0012,STATE_0001,,,20260912,799.0,high,0,,,0,1,0,0,0,valid,1,1
SERVICE_001094,CUST_0251,OLT_0006,PLAN_0004,STATE_0001,,,20260912,4990.0,high,0,,,0,1,0,0,0,valid,1,1
SERVICE_001095,CUST_1029,OLT_0006,PLAN_0033,STATE_0001,,,20260912,3290.0,high,0,,,0,1,0,0,0,valid,1,1
SERVICE_001096,CUST_0255,OLT_0007,PLAN_0033,STATE_0001,,,20260912,3290.0,high,0,,,0,1,0,0,0,valid,1,1
SERVICE_001097,CUST_0332,OLT_0007,PLAN_0039,STATE_0001,,,20260912,2490.0,high,0,,,0,1,0,0,0,valid,1,1
SERVICE_001098,CUST_1030,OLT_0005,PLAN_0004,STATE_0001,,,20260912,4990.0,high,0,,,0,1,0,0,0,valid,1,1
SERVICE_001099,CUST_1031,OLT_0002,PLAN_0005,STATE_0001,,,20260912,5990.0,high,0,,,0,1,0,0,0,valid,1,1
SERVICE_001100,CUST_1032,OLT_0001,PLAN_0004,STATE_0001,,,20260912,499.0,medium,0,,,0,1,0,0,0,valid,1,1
SERVICE_001101,CUST_1033,OLT_0002,PLAN_0050,STATE_0001,,,20260912,799.0,high,0,,,0,1,0,0,1,review,1,1
SERVICE_001102,CUST_1034,OLT_0002,PLAN_0004,STATE_0001,,,20260912,4990.0,high,0,,,0,1,0,0,0,valid,1,1
SERVICE_001103,CUST_1035,OLT_0005,PLAN_0004,STATE_0001,,,20260912,4990.0,high,0,,,0,1,0,0,0,valid,1,1
SERVICE_001104,CUST_1036,OLT_0006,PLAN_0021,STATE_0001,,,20260912,1499.0,high,0,,,0,1,0,0,0,valid,1,1
SERVICE_001105,CUST_1037,OLT_0001,PLAN_0021,STATE_0001,,,20260912,1499.0,high,0,,,0,1,0,0,0,valid,1,1
SERVICE_001106,CUST_1038,OLT_0007,PLAN_0005,STATE_0001,,,20260912,5990.0,high,0,,,0,1,0,0,0,valid,1,1
SERVICE_001107,CUST_1039,OLT_0002,PLAN_0020,STATE_0001,,,20260912,999.0,high,0,,,0,1,0,0,0,valid,1,1
SERVICE_001108,CUST_1040,OLT_0007,PLAN_0005,STATE_0001,,,20260912,5990.0,high,0,,,0,1,0,0,0,valid,1,1
SERVICE_001109,CUST_1041,OLT_0002,PLAN_0005,STATE_0001,,,20260912,5990.0,high,0,,,0,1,0,0,0,valid,1,1
SERVICE_001110,CUST_1042,OLT_0002,PLAN_0012,STATE_0001,,,20260912,799.0,high,0,,,0,1,0,0,0,valid,1,1
SERVICE_001111,CUST_1043,OLT_0010,PLAN_0004,STATE_0001,,,20260912,4990.0,high,0,,,0,1,0,0,0,valid,1,1
SERVICE_001112,CUST_1044,OLT_0005,PLAN_0012,STATE_0001,,,20260912,799.0,high,0,,,0,1,0,0,0,valid,1,1
SERVICE_001113,CUST_1045,OLT_0002,PLAN_0012,STATE_0001,,,20260912,799.0,high,0,,,0,1,0,0,0,valid,1,1
SERVICE_001114,CUST_1046,OLT_0001,PLAN_0012,STATE_0002,,,20260912,799.0,high,0,,,0,1,0,0,0,valid,1,1
SERVICE_001115,CUST_1047,OLT_0006,PLAN_0005,STATE_0001,,,20260912,599.0,medium,0,,,0,1,0,0,0,valid,1,1
SERVICE_001116,CUST_1048,OLT_0002,PLAN_0004,STATE_0001,,,20260912,4990.0,high,0,,,0,1,0,0,0,valid,1,1
SERVICE_001117,CUST_1049,OLT_0010,PLAN_0004,STATE_0001,,,20260912,4990.0,high,0,,,0,1,0,0,0,valid,1,1
SERVICE_001118,CUST_1050,OLT_0009,PLAN_0014,STATE_0001,,,20260912,1299.0,high,0,,,0,1,0,0,0,valid,1,1
SERVICE_001119,CUST_1051,OLT_0005,PLAN_0012,STATE_0002,,,20260912,799.0,high,0,,,0,1,0,0,0,valid,1,1
SERVICE_001120,CUST_1052,OLT_0002,PLAN_0012,STATE_0001,,,20260912,7990.0,high,0,,,0,1,0,0,0,valid,1,1
SERVICE_001121,CUST_1053,OLT_0001,PLAN_0006,STATE_0002,,,20260912,849.0,high,0,,,0,1,0,0,0,valid,1,1
SERVICE_001122,CUST_1054,OLT_0006,PLAN_0012,STATE_0001,,,20260912,7990.0,high,0,,,0,1,0,0,0,valid,1,1
SERVICE_001123,CUST_1055,OLT_0010,PLAN_0037,STATE_0001,,,20260912,799.0,high,0,,,0,1,0,0,0,valid,1,1
SERVICE_001124,CUST_1056,OLT_0010,PLAN_0012,STATE_0001,,,20260912,7990.0,high,0,,,0,1,0,0,0,valid,1,1
SERVICE_001125,CUST_1057,OLT_0002,PLAN_0042,STATE_0001,,,20260912,5990.0,high,0,,,0,1,0,0,1,review,1,1
SERVICE_001126,CUST_1058,OLT_0002,PLAN_0037,STATE_0001,,,20260912,799.0,high,0,,,0,1,0,0,0,valid,1,1
SERVICE_001127,CUST_1059,OLT_0006,PLAN_0050,STATE_0001,,,20260912,799.0,high,0,,,0,1,0,0,1,review,1,1
SERVICE_001128,CUST_1060,OLT_0002,PLAN_0005,STATE_0001,,,20260912,599.0,medium,0,,,0,1,0,0,0,valid,1,1
SERVICE_001129,CUST_1061,OLT_0006,PLAN_0042,STATE_0001,,,20260912,5990.0,high,0,,,0,1,0,0,1,review,1,1
SERVICE_001130,CUST_1062,OLT_0001,PLAN_0005,STATE_0001,,,20260912,12770.0,high,0,,,0,1,0,0,0,valid,1,1
SERVICE_001131,CUST_1063,OLT_0006,PLAN_0004,STATE_0001,,,20260912,499.0,medium,0,,,0,1,0,0,0,valid,1,1
SERVICE_001132,CUST_1064,OLT_0007,PLAN_0006,STATE_0001,,,20260912,8490.0,high,0,,,0,1,0,0,0,valid,1,1
SERVICE_001133,CUST_1065,OLT_0001,PLAN_0053,STATE_0001,,,20260912,1999.0,high,0,,,0,1,0,0,0,valid,1,1
SERVICE_001134,CUST_1066,OLT_0001,PLAN_0014,STATE_0001,,,20260912,1299.0,high,0,,,0,1,0,0,0,valid,1,1
SERVICE_001135,CUST_1067,OLT_0005,PLAN_0013,STATE_0001,,,20260912,1299.0,high,0,,,0,1,0,0,0,valid,1,1
SERVICE_001136,CUST_1068,OLT_0003,PLAN_0014,STATE_0001,,,20260912,1299.0,high,0,,,0,1,0,0,0,valid,1,1
SERVICE_001137,CUST_1069,OLT_0009,PLAN_0005,STATE_0001,,,20260912,5990.0,high,0,,,0,1,0,0,0,valid,1,1
SERVICE_001138,CUST_1070,OLT_0001,PLAN_0012,STATE_0001,,,20260912,799.0,high,0,,,0,1,0,0,0,valid,1,1
SERVICE_001139,CUST_1071,OLT_0001,PLAN_0004,STATE_0001,,,20260912,499.0,medium,0,,,0,1,0,0,0,valid,1,1
SERVICE_001140,CUST_1072,OLT_0001,PLAN_0014,STATE_0001,,,20260912,1299.0,high,0,,,0,1,0,0,0,valid,1,1
SERVICE_001141,CUST_1073,OLT_0010,PLAN_0006,STATE_0001,,,20260912,8490.0,high,0,,,0,1,0,0,0,valid,1,1
SERVICE_001142,CUST_0285,OLT_0001,PLAN_0035,STATE_0001,,,20260912,699.0,medium,0,,,0,1,0,0,0,valid,1,1
SERVICE_001143,CUST_1074,OLT_0001,PLAN_0053,STATE_0001,,,20260912,19990.0,high,0,,,0,1,0,0,0,valid,1,1
SERVICE_001144,CUST_1075,OLT_0001,PLAN_0005,STATE_0001,,,20260912,5990.0,high,0,,,0,1,0,0,0,valid,1,1
SERVICE_001145,CUST_1076,OLT_0005,PLAN_0051,STATE_0001,,,20260912,0.0,low,0,,,0,1,0,0,1,review,1,1
SERVICE_001146,CUST_1077,OLT_0007,PLAN_0070,STATE_0003,,,20260912,0.0,low,1,,,0,1,0,0,1,review,1,1
SERVICE_001147,CUST_1078,OLT_0005,PLAN_0012,STATE_0001,,,20260912,13980.0,high,0,,,0,1,0,0,0,valid,1,1
SERVICE_001148,CUST_0223,OLT_0001,PLAN_0053,STATE_0001,,,20260912,19990.0,high,0,,,0,1,0,0,0,valid,1,1
SERVICE_001149,CUST_1079,OLT_0006,PLAN_0012,STATE_0001,,,20260912,799.0,high,0,,,0,1,0,0,0,valid,1,1
SERVICE_001150,CUST_1078,OLT_0001,PLAN_0012,STATE_0001,,,20260912,12770.0,high,0,,,0,1,0,0,0,valid,1,1
SERVICE_001151,CUST_1080,OLT_0003,PLAN_0005,STATE_0001,,,20260912,5990.0,high,0,,,0,1,0,0,0,valid,1,1
SERVICE_001152,CUST_1081,OLT_0009,PLAN_0033,STATE_0001,,,20260912,3290.0,high,0,,,0,1,0,0,0,valid,1,1
SERVICE_001153,CUST_1082,OLT_0001,PLAN_0004,STATE_0001,,,20260912,4990.0,high,0,,,0,1,0,0,0,valid,1,1
SERVICE_001154,CUST_1083,OLT_0006,PLAN_0005,STATE_0001,,,20260912,599.0,medium,0,,,0,1,0,0,0,valid,1,1
SERVICE_001155,CUST_1084,OLT_0007,PLAN_0004,STATE_0001,,,20260912,499.0,medium,0,,,0,1,0,0,0,valid,1,1
SERVICE_001156,CUST_1085,OLT_0007,PLAN_0006,STATE_0003,,,20260912,849.0,high,1,,,0,1,0,0,0,valid,1,1
SERVICE_001157,CUST_1086,OLT_0005,PLAN_0015,STATE_0001,,,20260912,449.0,medium,0,,,0,1,0,0,0,valid,1,1
SERVICE_001158,CUST_1087,OLT_0007,PLAN_0006,STATE_0001,,,20260912,8490.0,high,0,,,0,1,0,0,0,valid,1,1
SERVICE_001159,CUST_1088,OLT_0005,PLAN_0034,STATE_0001,,,20260912,999.0,high,0,,,0,1,0,0,0,valid,1,1
SERVICE_001160,CUST_0521,OLT_0006,PLAN_0024,STATE_0001,,,20260912,599.0,medium,0,,,0,1,0,0,0,valid,1,1
SERVICE_001161,CUST_1089,OLT_0001,PLAN_0004,STATE_0002,,,20260912,499.0,medium,0,,,0,1,0,0,0,valid,1,1
SERVICE_001162,CUST_0441,OLT_0001,PLAN_0021,STATE_0001,,,20260912,1499.0,high,0,,,0,1,0,0,0,valid,1,1
SERVICE_001163,CUST_1090,OLT_0002,PLAN_0005,STATE_0001,,,20260912,5990.0,high,0,,,0,1,0,0,0,valid,1,1
SERVICE_001164,CUST_1091,OLT_0001,PLAN_0008,STATE_0001,,,20260912,449.0,medium,0,,,0,1,0,0,0,valid,1,1
SERVICE_001165,CUST_1092,OLT_0001,PLAN_0008,STATE_0001,,,20260912,449.0,medium,0,,,0,1,0,0,0,valid,1,1
SERVICE_001166,CUST_1093,OLT_0006,PLAN_0006,STATE_0001,,,20260912,849.0,high,0,,,0,1,0,0,0,valid,1,1
SERVICE_001167,CUST_1094,OLT_0001,PLAN_0008,STATE_0001,,,20260912,4490.0,high,0,,,0,1,0,0,0,valid,1,1
SERVICE_001168,CUST_1095,OLT_0006,PLAN_0004,STATE_0001,,,20260912,499.0,medium,0,,,0,1,0,0,0,valid,1,1
SERVICE_001169,CUST_1096,OLT_0002,PLAN_0033,STATE_0001,,,20260912,3290.0,high,0,,,0,1,0,0,0,valid,1,1
SERVICE_001170,CUST_1097,OLT_0001,PLAN_0008,STATE_0001,,,20260912,449.0,medium,0,,,0,1,0,0,0,valid,1,1
SERVICE_001171,CUST_1098,OLT_0001,PLAN_0033,STATE_0001,,,20260912,3290.0,high,0,,,0,1,0,0,0,valid,1,1
SERVICE_001172,CUST_1099,OLT_0002,PLAN_0033,STATE_0001,,,20260912,329.0,low,0,,,0,1,0,0,0,valid,1,1
SERVICE_001173,CUST_0661,OLT_0001,PLAN_0033,STATE_0001,,,20260912,3290.0,high,0,,,0,1,0,0,0,valid,1,1
SERVICE_001174,CUST_1100,OLT_0001,PLAN_0036,STATE_0001,,,20260912,399.0,low,0,,,0,1,0,0,0,valid,1,1
SERVICE_001175,CUST_1101,OLT_0001,PLAN_0007,STATE_0001,,,20260912,299.0,low,0,,,0,1,0,0,0,valid,1,1
SERVICE_001176,CUST_1102,OLT_0001,PLAN_0010,STATE_0001,,,20260912,399.0,low,0,,,0,1,0,0,0,valid,1,1
SERVICE_001177,CUST_1103,OLT_0001,PLAN_0007,STATE_0001,,,20260912,299.0,low,0,,,0,1,0,0,0,valid,1,1
SERVICE_001178,CUST_1104,OLT_0005,PLAN_0012,STATE_0001,,,20260912,4490.0,high,0,,,0,1,0,0,0,valid,1,1
SERVICE_001179,CUST_1105,OLT_0009,PLAN_0008,STATE_0001,,,20260912,4490.0,high,0,,,0,1,0,0,0,valid,1,1
SERVICE_001180,CUST_1106,OLT_0001,PLAN_0037,STATE_0001,,,20260912,799.0,high,0,,,0,1,0,0,0,valid,1,1
SERVICE_001181,CUST_1107,OLT_0001,PLAN_0005,STATE_0001,,,20260912,599.0,medium,0,,,0,1,0,0,0,valid,1,1
SERVICE_001182,CUST_1108,OLT_0006,PLAN_0014,STATE_0001,,,20260912,1299.0,high,0,,,0,1,0,0,0,valid,1,1
SERVICE_001183,CUST_1109,OLT_0009,PLAN_0004,STATE_0001,,,20260912,4990.0,high,0,,,0,1,0,0,0,valid,1,1
SERVICE_001184,CUST_1110,OLT_0001,PLAN_0004,STATE_0001,,,20260912,499.0,medium,0,,,0,1,0,0,0,valid,1,1
SERVICE_001185,CUST_1111,OLT_0001,PLAN_0005,STATE_0001,,,20260912,599.0,medium,0,,,0,1,0,0,0,valid,1,1
SERVICE_001186,CUST_1112,OLT_0003,PLAN_0012,STATE_0001,,,20260912,5990.0,high,0,,,0,1,0,0,0,valid,1,1
SERVICE_001187,CUST_1113,OLT_0005,PLAN_0008,STATE_0003,,,20260912,449.0,medium,1,,,0,1,0,0,0,valid,1,1
SERVICE_001188,CUST_1114,OLT_0002,PLAN_0005,STATE_0003,,,20260912,599.0,medium,1,,,0,1,0,0,0,valid,1,1
SERVICE_001189,CUST_1115,OLT_0009,PLAN_0033,STATE_0001,,,20260912,329.0,low,0,,,0,1,0,0,0,valid,1,1
SERVICE_001190,CUST_1116,OLT_0001,PLAN_0033,STATE_0001,,,20260912,3290.0,high,0,,,0,1,0,0,0,valid,1,1
SERVICE_001191,CUST_1117,OLT_0001,PLAN_0004,STATE_0001,,,20260912,499.0,medium,0,,,0,1,0,0,0,valid,1,1
SERVICE_001192,CUST_1118,OLT_0002,PLAN_0005,STATE_0001,,,20260912,5990.0,high,0,,,0,1,0,0,0,valid,1,1
SERVICE_001193,CUST_1119,OLT_0004,PLAN_0004,STATE_0001,,,20260912,499.0,medium,0,,,0,1,0,0,0,valid,1,1
SERVICE_001194,CUST_1120,OLT_0001,PLAN_0005,STATE_0003,,,20260912,599.0,medium,1,,,0,1,0,0,0,valid,1,1
SERVICE_001195,CUST_1121,OLT_0005,PLAN_0005,STATE_0001,,,20260912,599.0,medium,0,,,0,1,0,0,0,valid,1,1
SERVICE_001196,CUST_1122,OLT_0001,PLAN_0005,STATE_0001,,,20260912,599.0,medium,0,,,0,1,0,0,0,valid,1,1
SERVICE_001197,CUST_1123,OLT_0001,PLAN_0033,STATE_0001,,,20260912,3290.0,high,0,,,0,1,0,0,0,valid,1,1
SERVICE_001198,CUST_1124,OLT_0002,PLAN_0004,STATE_0001,,,20260912,4990.0,high,0,,,0,1,0,0,0,valid,1,1
SERVICE_001199,CUST_1125,OLT_0001,PLAN_0039,STATE_0001,,,20260912,2490.0,high,0,,,0,1,0,0,0,valid,1,1
SERVICE_001200,CUST_0905,OLT_0007,PLAN_0006,STATE_0001,,,20260912,849.0,high,0,,,0,1,0,0,0,valid,1,1
SERVICE_001201,CUST_0787,OLT_0011,PLAN_0014,STATE_0001,,,20260912,5990.0,high,0,,,0,1,0,0,0,valid,1,1
SERVICE_001202,CUST_1126,OLT_0005,PLAN_0014,STATE_0001,,,20260912,1299.0,high,0,,,0,1,0,0,0,valid,1,1
SERVICE_001203,CUST_1127,OLT_0005,PLAN_0004,STATE_0001,,,20260912,499.0,medium,0,,,0,1,0,0,0,valid,1,1
SERVICE_001204,CUST_1128,OLT_0007,PLAN_0008,STATE_0001,,,20260912,449.0,medium,0,,,0,1,0,0,0,valid,1,1
SERVICE_001205,CUST_1129,OLT_0006,PLAN_0005,STATE_0001,,,20260912,5990.0,high,0,,,0,1,0,0,0,valid,1,1
SERVICE_001206,CUST_1130,OLT_0007,PLAN_0004,STATE_0001,,,20260912,4990.0,high,0,,,0,1,0,0,0,valid,1,1
SERVICE_001207,CUST_1131,OLT_0007,PLAN_0004,STATE_0001,,,20260912,4990.0,high,0,,,0,1,0,0,0,valid,1,1
SERVICE_001208,CUST_1132,OLT_0010,PLAN_0004,STATE_0001,,,20260912,499.0,medium,0,,,0,1,0,0,0,valid,1,1
SERVICE_001209,CUST_0707,OLT_0007,PLAN_0004,STATE_0003,,,20260912,499.0,medium,1,,,0,1,0,0,0,valid,1,1
SERVICE_001210,CUST_1133,OLT_0007,PLAN_0033,STATE_0001,,,20260912,3290.0,high,0,,,0,1,0,0,0,valid,1,1
SERVICE_001211,CUST_1134,OLT_0007,PLAN_0039,STATE_0001,,,20260912,2490.0,high,0,,,0,1,0,0,0,valid,1,1
SERVICE_001212,CUST_1135,OLT_0006,PLAN_0004,STATE_0001,,,20260912,4990.0,high,0,,,0,1,0,0,0,valid,1,1
SERVICE_001213,CUST_1136,OLT_0007,PLAN_0034,STATE_0001,,,20260912,9990.0,high,0,,,0,1,0,0,0,valid,1,1
SERVICE_001214,CUST_1137,OLT_0007,PLAN_0005,STATE_0001,,,20260912,599.0,medium,0,,,0,1,0,0,0,valid,1,1
SERVICE_001215,CUST_1138,OLT_0007,PLAN_0033,STATE_0001,,,20260912,3290.0,high,0,,,0,1,0,0,0,valid,1,1
SERVICE_001216,CUST_1139,OLT_0007,PLAN_0008,STATE_0001,,,20260912,449.0,medium,0,,,0,1,0,0,0,valid,1,1
SERVICE_001217,CUST_1140,OLT_0010,PLAN_0054,STATE_0001,,,20260912,1799.0,high,0,,,0,1,0,0,0,valid,1,1
SERVICE_001218,CUST_0580,OLT_0007,PLAN_0020,STATE_0002,,,20260912,999.0,high,0,,,0,1,0,0,0,valid,1,1
SERVICE_001219,CUST_0677,OLT_0010,PLAN_0033,STATE_0001,,,20260912,3290.0,high,0,,,0,1,0,0,0,valid,1,1
SERVICE_001220,CUST_1141,OLT_0001,PLAN_0012,STATE_0001,,,20260912,799.0,high,0,,,0,1,0,0,0,valid,1,1
SERVICE_001221,CUST_1142,OLT_0006,PLAN_0012,STATE_0001,,,20260912,799.0,high,0,,,0,1,0,0,0,valid,1,1
SERVICE_001222,CUST_1143,OLT_0005,PLAN_0005,STATE_0001,,,20260912,5990.0,high,0,,,0,1,0,0,0,valid,1,1
SERVICE_001223,CUST_1144,OLT_0001,PLAN_0004,STATE_0001,,,20260912,4990.0,high,0,,,0,1,0,0,0,valid,1,1
SERVICE_001224,CUST_1145,OLT_0001,PLAN_0004,STATE_0001,,,20260912,499.0,medium,0,,,0,1,0,0,0,valid,1,1
SERVICE_001225,CUST_1146,OLT_0006,PLAN_0011,STATE_0001,,,20260912,2799.0,high,0,,,0,1,0,0,0,valid,1,1
SERVICE_001226,CUST_1147,OLT_0002,PLAN_0004,STATE_0001,,,20260912,4990.0,high,0,,,0,1,0,0,0,valid,1,1
SERVICE_001227,CUST_1148,OLT_0007,PLAN_0004,STATE_0001,,,20260912,4990.0,high,0,,,0,1,0,0,0,valid,1,1
SERVICE_001228,CUST_1149,OLT_0007,PLAN_0067,STATE_0001,,,20260912,4990.0,high,0,,,0,1,0,0,1,review,1,1
SERVICE_001229,CUST_0697,OLT_0007,PLAN_0020,STATE_0001,,,20260912,999.0,high,0,,,0,1,0,0,0,valid,1,1
SERVICE_001230,CUST_1150,OLT_0005,PLAN_0005,STATE_0001,,,20260912,5990.0,high,0,,,0,1,0,0,0,valid,1,1
SERVICE_001231,CUST_1151,OLT_0002,PLAN_0012,STATE_0001,,,20260912,799.0,high,0,,,0,1,0,0,0,valid,1,1
SERVICE_001232,CUST_1152,OLT_0002,PLAN_0020,STATE_0001,,,20260912,999.0,high,0,,,0,1,0,0,0,valid,1,1
SERVICE_001233,CUST_1153,OLT_0007,PLAN_0004,STATE_0001,,,20260912,499.0,medium,0,,,0,1,0,0,0,valid,1,1
SERVICE_001234,CUST_0169,OLT_0008,PLAN_0079,STATE_0001,,,20260912,1499.0,high,0,,,0,1,0,0,1,review,1,1
SERVICE_001235,CUST_1154,OLT_0006,PLAN_0068,STATE_0001,,,20260912,7990.0,high,0,,,0,1,0,0,0,valid,1,1
SERVICE_001236,CUST_1155,OLT_0001,PLAN_0014,STATE_0001,,,20260912,1299.0,high,0,,,0,1,0,0,0,valid,1,1
SERVICE_001237,CUST_1156,OLT_0006,PLAN_0012,STATE_0001,,,20260912,799.0,high,0,,,0,1,0,0,0,valid,1,1
SERVICE_001238,CUST_1157,OLT_0007,PLAN_0042,STATE_0001,,,20260912,5990.0,high,0,,,0,1,0,0,1,review,1,1
SERVICE_001239,CUST_1158,OLT_0007,PLAN_0067,STATE_0001,,,20260912,499.0,medium,0,,,0,1,0,0,1,review,1,1
SERVICE_001240,CUST_1159,OLT_0007,PLAN_0066,STATE_0001,,,20260912,7790.0,high,0,,,0,1,0,0,1,review,1,1
SERVICE_001241,CUST_1160,OLT_0009,PLAN_0012,STATE_0001,,,20260912,799.0,high,0,,,0,1,0,0,0,valid,1,1
SERVICE_001242,CUST_1161,OLT_0001,PLAN_0012,STATE_0002,,,20260912,799.0,high,0,,,0,1,0,0,0,valid,1,1
SERVICE_001243,CUST_1162,OLT_0002,PLAN_0004,STATE_0001,,,20260912,4990.0,high,0,,,0,1,0,0,0,valid,1,1
SERVICE_001244,CUST_1163,OLT_0001,PLAN_0005,STATE_0001,,,20260912,5990.0,high,0,,,0,1,0,0,0,valid,1,1
SERVICE_001245,CUST_1164,OLT_0006,PLAN_0006,STATE_0001,,,20260912,8490.0,high,0,,,0,1,0,0,0,valid,1,1
SERVICE_001246,CUST_1165,OLT_0010,PLAN_0021,STATE_0001,,,20260912,1499.0,high,0,,,0,1,0,0,0,valid,1,1
SERVICE_001247,CUST_1166,OLT_0005,PLAN_0004,STATE_0001,,,20260912,499.0,medium,0,,,0,1,0,0,0,valid,1,1
SERVICE_001248,CUST_1167,OLT_0001,PLAN_0050,STATE_0001,,,20260912,799.0,high,0,,,0,1,0,0,1,review,1,1
SERVICE_001249,CUST_1168,OLT_0002,PLAN_0005,STATE_0001,,,20260912,5990.0,high,0,,,0,1,0,0,0,valid,1,1
SERVICE_001250,CUST_1169,OLT_0007,PLAN_0054,STATE_0001,,,20260912,1799.0,high,0,,,0,1,0,0,0,valid,1,1
SERVICE_001251,CUST_1170,OLT_0002,PLAN_0020,STATE_0001,,,20260912,999.0,high,0,,,0,1,0,0,0,valid,1,1
SERVICE_001252,CUST_1171,OLT_0001,PLAN_0080,STATE_0001,,,20260912,1299.0,high,0,,,0,1,0,0,1,review,1,1
SERVICE_001253,CUST_1172,OLT_0005,PLAN_0004,STATE_0001,,,20260912,499.0,medium,0,,,0,1,0,0,0,valid,1,1
SERVICE_001254,CUST_1173,OLT_0005,PLAN_0012,STATE_0001,,,20260912,799.0,high,0,,,0,1,0,0,0,valid,1,1
SERVICE_001255,CUST_1174,OLT_0010,PLAN_0012,STATE_0001,,,20260912,799.0,high,0,,,0,1,0,0,0,valid,1,1
SERVICE_001256,CUST_1175,OLT_0001,PLAN_0012,STATE_0001,,,20260912,7990.0,high,0,,,0,1,0,0,0,valid,1,1
SERVICE_001257,CUST_1176,OLT_0001,PLAN_0008,STATE_0001,,,20260912,449.0,medium,0,,,0,1,0,0,0,valid,1,1
SERVICE_001258,CUST_1177,OLT_0009,PLAN_0012,STATE_0001,,,20260912,799.0,high,0,,,0,1,0,0,0,valid,1,1
SERVICE_001259,CUST_0510,OLT_0008,PLAN_0080,STATE_0001,,,20260912,1299.0,high,0,,,0,1,0,0,1,review,1,1
SERVICE_001260,CUST_1178,OLT_0001,PLAN_0034,STATE_0001,,,20260912,999.0,high,0,,,0,1,0,0,0,valid,1,1
SERVICE_001261,CUST_1179,OLT_0005,PLAN_0034,STATE_0001,,,20260912,999.0,high,0,,,0,1,0,0,0,valid,1,1
SERVICE_001262,CUST_1180,OLT_0001,PLAN_0062,STATE_0001,,,20260912,1799.0,high,0,,,0,1,0,0,0,valid,1,1
SERVICE_001263,CUST_1181,OLT_0002,PLAN_0006,STATE_0001,,,20260912,8490.0,high,0,,,0,1,0,0,0,valid,1,1
SERVICE_001264,CUST_1182,OLT_0005,PLAN_0057,STATE_0001,,,20260912,17990.0,high,0,,,0,1,0,0,1,review,1,1
SERVICE_001265,CUST_1183,OLT_0001,PLAN_0005,STATE_0001,,,20260912,5990.0,high,0,,,0,1,0,0,0,valid,1,1
SERVICE_001266,CUST_1184,OLT_0009,PLAN_0006,STATE_0001,,,20260912,8490.0,high,0,,,0,1,0,0,0,valid,1,1
SERVICE_001267,CUST_1185,OLT_0004,PLAN_0037,STATE_0001,,,20260912,799.0,high,0,,,0,1,0,0,0,valid,1,1
SERVICE_001268,CUST_1186,OLT_0001,PLAN_0033,STATE_0001,,,20260912,329.0,low,0,,,0,1,0,0,0,valid,1,1
SERVICE_001269,CUST_1187,OLT_0007,PLAN_0004,STATE_0001,,,20260912,4990.0,high,0,,,0,1,0,0,0,valid,1,1
SERVICE_001270,CUST_0898,OLT_0005,PLAN_0004,STATE_0001,,,20260912,4990.0,high,0,,,0,1,0,0,0,valid,1,1
SERVICE_001271,CUST_0175,OLT_0007,PLAN_0005,STATE_0001,,,20260912,5990.0,high,0,,,0,1,0,0,0,valid,1,1
SERVICE_001272,CUST_1188,OLT_0005,PLAN_0024,STATE_0001,,,20260912,599.0,medium,0,,,0,1,0,0,0,valid,1,1
SERVICE_001273,CUST_1189,OLT_0002,PLAN_0004,STATE_0001,,,20260912,499.0,medium,0,,,0,1,0,0,0,valid,1,1
SERVICE_001274,CUST_1190,OLT_0006,PLAN_0004,STATE_0001,,,20260912,4990.0,high,0,,,0,1,0,0,0,valid,1,1
SERVICE_001275,CUST_0521,OLT_0009,PLAN_0015,STATE_0001,,,20260912,449.0,medium,0,,,0,1,0,0,0,valid,1,1
SERVICE_001276,CUST_1191,OLT_0012,PLAN_0014,STATE_0001,,,20260912,1299.0,high,0,,,0,1,0,0,0,valid,1,1
SERVICE_001277,CUST_0035,OLT_0001,PLAN_0081,STATE_0001,,,20260912,699.0,medium,0,,,0,1,0,0,0,valid,1,1
SERVICE_001278,CUST_1192,OLT_0009,PLAN_0015,STATE_0001,,,20260912,449.0,medium,0,,,0,1,0,0,0,valid,1,1
SERVICE_001279,CUST_1193,OLT_0001,PLAN_0006,STATE_0001,,,20260912,8490.0,high,0,,,0,1,0,0,0,valid,1,1
SERVICE_001280,CUST_0480,OLT_0007,PLAN_0014,STATE_0001,,,20260912,1299.0,high,0,,,0,1,0,0,0,valid,1,1
